status,universal_id,internal_id,internal_name,internal_team,hkb_id,hkb_name,hkb_team,notes
MATCHED,0000001,10748,Victor Caratini,MIN,V0jhMrMV,Victor Caratini,MIN,Existing registry mapping
MATCHED,0000017,12449,Vinnie Pasquantino,KC,4Lb9O8WT,Vinnie Pasquantino,KC,Existing registry mapping
MATCHED,0000002,12544,Casey Schmitt,SF,WppZGENo,Casey Schmitt,SF,Existing registry mapping
MATCHED,0000021,64325,Tommy White,ATH,klTUBCUs,Tommy White,ATH,Existing registry mapping
MATCHED,0000009,11692,Jake Cronenworth,SD,GjjkmiAY,Jake Cronenworth,SD,Existing registry mapping
MATCHED,0000008,12212,Lars Nootbaar,STL,IjXjMnF3,Lars Nootbaar,STL,Existing registry mapping
MATCHED,0000011,63023,Luke Keaschall,MIN,zrHiZtWK,Luke Keaschall,MIN,Existing registry mapping
MATCHED,0000015,11555,Griffin Conine,MIA,krxHbJBd,Griffin Conine,MIA,Existing registry mapping
MATCHED,0000010,9319,Xander Bogaerts,SD,ceInqkcv,Xander Bogaerts,SD,Existing registry mapping
MATCHED,0000012,9590,Byron Buxton,MIN,06qgBlrt,Byron Buxton,MIN,Existing registry mapping
MATCHED,0000006,9861,Kyle Schwarber,PHI,vKKRN46q,Kyle Schwarber,PHI,Existing registry mapping
MATCHED,0000013,10496,Taylor Ward,BAL,iEhzOhTr,Taylor Ward,BAL,Existing registry mapping
MATCHED,0000007,63129,A.J. Ewing,NYM,ilQLBBNR,A.J. Ewing,NYM,Existing registry mapping
MATCHED,0000005,63000,Cooper Pratt,MIL,hAqY5jyU,Cooper Pratt,MIL,Existing registry mapping
MATCHED,0000004,62504,Chase Meidroth,CWS,ZjbWT92j,Chase Meidroth,CWS,Existing registry mapping
MATCHED,0000003,11356,Anthony Seigler,BOS,pWEmjUmX,Anthony Seigler,BOS,Existing registry mapping
MATCHED,0000016,62315,Blake Dunn,CIN,0PKeW6i2,Blake Dunn,CIN,Existing registry mapping
MATCHED,0000018,9571,Trevor Story,BOS,o-m_ixwv,Trevor Story,BOS,Existing registry mapping
SUGGESTED_MATCH,,60285,Jacob Reimer,NYM,3HBW0kdF,Jacob Reimer,NYM,Name/team match. Awaiting registry approval
MATCHED,0000019,64923,Demetrio Crisantes,AZ,VWvGmGkT,Demetrio Crisantes,AZ,Existing registry mapping
MATCHED,0000020,61818,Agustin Ramirez,MIA,nTSeibty,Agustin Ramirez,MIA,Existing registry mapping
MATCHED,0000022,65447,Josh Adamczewski,MIL,0uK5g2KK,Josh Adamczewski,MIL,Existing registry mapping
MATCHED,0000023,63634,Abimelec Ortiz,WSH,9_YGxX_J,Abimelec Ortiz,WSH,Existing registry mapping
MATCHED,0000024,60043,Jaison Chourio,CLE,F5JAcLw3,Jaison Chourio,CLE,Existing registry mapping
MATCHED,0000946,12385,James Triantos,CHC,U5iqgBwB,James Triantos,CHC,Existing registry mapping
MATCHED,0000034,11327,Jose Soriano,LAA,4Suqr8al,José Soriano,LAA,Existing registry mapping
MATCHED,0000026,9329,Michael Wacha,KC,qQcZQjd5,Michael Wacha,KC,Existing registry mapping
MATCHED,0000025,11121,Jeffrey Springs,ATH,pz7nU_5Y,Jeffrey Springs,ATH,Existing registry mapping
MATCHED,0000040,12500,Randy Vasquez,SD,prVPxdt1,Randy Vasquez,SD,Existing registry mapping
MATCHED,0000029,64374,Gage Jump,ATH,2ygim6MR,Gage Jump,ATH,Existing registry mapping
MATCHED,0000030,61749,Chad Patrick,MIL,KbjYvp77,Chad Patrick,MIL,Existing registry mapping
MATCHED,0000032,12203,Griffin Jax,TB,lsnGXahT,Griffin Jax,TB,Existing registry mapping
MATCHED,0000033,60412,Mason Montgomery,PIT,WlQuOp3l,Mason Montgomery,PIT,Existing registry mapping
MATCHED,0000947,63500,Justin Slaten,BOS,FWs4EQh2,Justin Slaten,BOS,Existing registry mapping
SUGGESTED_MATCH,,11648,Cole Sulser,TB,6yYzCYRD,Cole Sulser,TB,Name/team match. Awaiting registry approval
MATCHED,0000028,62935,Nolan McLean,NYM,yKLbMSDw,Nolan McLean,NYM,Existing registry mapping
MATCHED,0000037,12591,Andre Pallante,STL,YkFr84re,Andre Pallante,STL,Existing registry mapping
MATCHED,0000038,11235,Logan Webb,SF,lqpcpJUj,Logan Webb,SF,Existing registry mapping
MATCHED,0000036,10549,Grant Holmes,ATL,6fjx01-Q,Grant Holmes,ATL,Existing registry mapping
MATCHED,0000027,10592,Jack Flaherty,DET,RAqlhceM,Jack Flaherty,DET,Existing registry mapping
MATCHED,0000035,60389,Trevor McDonald,SF,KtzU6LuS,Trevor McDonald,SF,Existing registry mapping
MATCHED,0000039,11116,Zac Gallen,AZ,dbYCSQUc,Zac Gallen,AZ,Existing registry mapping
MATCHED,0000041,9823,Carlos Rodon,NYY,Ej8Q67El,Carlos Rodón,NYY,Existing registry mapping
MATCHED,0000042,12356,Ryne Nelson,AZ,GA0rkwXI,Ryne Nelson,AZ,Existing registry mapping
MATCHED,0000043,60121,Daniel Palencia,CHC,PSsS003Y,Daniel Palencia,CHC,Existing registry mapping
MATCHED,0000044,11202,Justin Steele,CHC,t8Epx1p0,Justin Steele,CHC,Existing registry mapping
MATCHED,0000045,63187,Jack Wenninger,NYM,mL8Bjej5,Jack Wenninger,NYM,Existing registry mapping
MATCHED,0000046,64481,Khal Stephen,CLE,XKox7OBw,Khal Stephen,CLE,Existing registry mapping
SUGGESTED_MATCH,,62763,Alex Clemmey,WSH,X_UZUjGM,Alex Clemmey,WSH,Name/team match. Awaiting registry approval
MATCHED,0000058,12435,Yainer Diaz,HOU,No8RF5xb,Yainer Diaz,HOU,Existing registry mapping
MATCHED,0000050,8875,Bryce Harper,PHI,eFO_k2w_,Bryce Harper,PHI,Existing registry mapping
MATCHED,0000051,12688,Spencer Steer,CIN,RBcdCb5U,Spencer Steer,CIN,Existing registry mapping
MATCHED,0000052,60419,Junior Caminero,TB,IhaFkRsx,Junior Caminero,TB,Existing registry mapping
MATCHED,0000064,62976,Jacob Wilson,ATH,TaU61NOf,Jacob Wilson,ATH,Existing registry mapping
MATCHED,0000057,8996,Jose Altuve,HOU,XKCuJ9EU,Jose Altuve,HOU,Existing registry mapping
MATCHED,0000060,60421,Tristan Peters,CWS,CVfNznOD,Tristan Peters,CWS,Existing registry mapping
MATCHED,0000061,12588,Seiya Suzuki,CHC,RlJRrKac,Seiya Suzuki,CHC,Existing registry mapping
MATCHED,0000053,11822,CJ Abrams,WSH,c2FA9g5T,CJ Abrams,WSH,Existing registry mapping
SUGGESTED_MATCH,,61844,Wade Meckler,LAA,OfA2WXwf,Wade Meckler,LAA,Name/team match. Awaiting registry approval
MATCHED,0000049,12409,Hunter Goodman,COL,xJa3AqjQ,Hunter Goodman,COL,Existing registry mapping
MATCHED,0000062,10916,Royce Lewis,MIN,dszlwD0H,Royce Lewis,MIN,Existing registry mapping
MATCHED,0000056,11754,Tyler Freeman,COL,CfTWfnGB,Tyler Freeman,COL,Existing registry mapping
MATCHED,0000063,11279,Triston Casas,BOS,rMp5DGc7,Triston Casas,BOS,Existing registry mapping
MATCHED,0000055,12136,Brenton Doyle,COL,FGZrfy8h,Brenton Doyle,COL,Existing registry mapping
MATCHED,0000665,64369,Mike Sirota,LAD,RAFUfRW5,Mike Sirota,LAD,Existing registry mapping
MATCHED,0000065,65809,Taitn Gray,TB,fylU1kdb,Taitn Gray,TB,Existing registry mapping
MATCHED,0000066,63641,Zyhir Hope,LAD,U4a-Cbdn,Zyhir Hope,LAD,Existing registry mapping
MATCHED,0000067,63654,Nelson Rada,LAA,ptWW3PVB,Nelson Rada,LAA,Existing registry mapping
MATCHED,0000068,65758,Caden Bodine,TB,HAtKZwKX,Caden Bodine,TB,Existing registry mapping
MATCHED,0000080,12540,Bryce Miller,SEA,_oMhOEZT,Bryce Miller,SEA,Existing registry mapping
MATCHED,0000070,60137,Tanner Bibee,CLE,1KE4Z3cu,Tanner Bibee,CLE,Existing registry mapping
MATCHED,0000927,62642,Jacob Lopez,ATH,XD14pbGz,Jacob Lopez,ATH,Existing registry mapping
MATCHED,0000073,11379,Ryan Weathers,NYY,_Zg7CDeU,Ryan Weathers,NYY,Existing registry mapping
MATCHED,0000079,12118,Slade Cecconi,CLE,mC_4SLvU,Slade Cecconi,CLE,Existing registry mapping
MATCHED,0000071,12776,Kodai Senga,NYM,qCU8Sx-Y,Kodai Senga,NYM,Existing registry mapping
MATCHED,0000074,11626,Kevin Ginkel,AZ,YGWIJ9Q8,Kevin Ginkel,AZ,Existing registry mapping
MATCHED,0000082,64394,Payton Tolle,BOS,TYYXy8is,Payton Tolle,BOS,Existing registry mapping
MATCHED,0000077,11717,Trevor Megill,MIL,wKHuU-cj,Trevor Megill,MIL,Existing registry mapping
SUGGESTED_MATCH,,63064,George Klassen,LAA,BcJGBjs8,George Klassen,LAA,Name/team match. Awaiting registry approval
MATCHED,0000078,63639,Kendry Rojas,MIN,RaDqcj6o,Kendry Rojas,MIN,Existing registry mapping
SUGGESTED_MATCH,,64508,Brandon Clarke,STL,ZIBgWEew,Brandon Clarke,STL,Name/team match. Awaiting registry approval
MATCHED,0000081,12554,Taj Bradley,MIN,hOXeohIh,Taj Bradley,MIN,Existing registry mapping
MATCHED,0000072,60211,Noah Cameron,KC,3OTT0TNR,Noah Cameron,KC,Existing registry mapping
MATCHED,0000091,10513,Braxton Garrett,MIA,SLxpctAa,Braxton Garrett,MIA,Existing registry mapping
MATCHED,0000069,9882,Aaron Nola,PHI,xfwagl6V,Aaron Nola,PHI,Existing registry mapping
MATCHED,0000928,12305,Randy Rodriguez,SF,ZuAnU7v5,Randy Rodriguez,SF,Existing registry mapping
MATCHED,0000083,9616,Tyler Glasnow,LAD,l-3s_uTx,Tyler Glasnow,LAD,Existing registry mapping
MATCHED,0000084,10274,Carlos Estevez,KC,WsDMxAxh,Carlos Estévez,KC,Existing registry mapping
MATCHED,0000085,12750,Justin Martinez,AZ,XWwDsOZU,Justin Martinez,AZ,Existing registry mapping
MATCHED,0000086,10910,Corbin Burnes,AZ,8epGDPNo,Corbin Burnes,AZ,Existing registry mapping
MATCHED,0000087,63299,DJ Herz,WSH,3RuoaZaw,DJ Herz,WSH,Existing registry mapping
MATCHED,0000088,12366,AJ Smith-Shawver,ATL,rjmSYh86,AJ Smith-Shawver,ATL,Existing registry mapping
MATCHED,0000089,12046,Garrett Crochet,BOS,cwiGv0ZQ,Garrett Crochet,BOS,Existing registry mapping
MATCHED,0000090,12748,Ben Brown,CHC,QyVcD5_W,Ben Brown,CHC,Existing registry mapping
MATCHED,0000092,62874,Quinn Mathews,STL,rTDsk0-U,Quinn Mathews,STL,Existing registry mapping
MATCHED,0000093,63611,Carlos Lagrange,NYY,BnbjTas2,Carlos Lagrange,NYY,Existing registry mapping
MATCHED,0000094,64768,Jacob Bresnahan,SF,MI4pOsdj,Jacob Bresnahan,SF,Existing registry mapping
MATCHED,0000095,64327,Ryan Sloan,SEA,AInNZ4Hh,Ryan Sloan,SEA,Existing registry mapping
MATCHED,0000096,65722,Seth Hernandez,PIT,aGrr9n6M,Seth Hernandez,PIT,Existing registry mapping
MATCHED,0000097,60077,Drake Baldwin,ATL,5XM4ito3,Drake Baldwin,ATL,Existing registry mapping
MATCHED,0000152,11231,Ty France,SD,IkYhPl0w,Ty France,SD,Existing registry mapping
MATCHED,0000116,10236,Gleyber Torres,DET,UkamyzZe,Gleyber Torres,DET,Existing registry mapping
MATCHED,0000098,12558,Curtis Mead,WSH,rBZAw_sv,Curtis Mead,CWS,Existing registry mapping
MATCHED,0000107,62955,Kevin McGonigle,DET,lG1MSNWP,Kevin McGonigle,DET,Existing registry mapping
MATCHED,0000154,10485,Ryan O'Hearn,PIT,8IlTPhBk,Ryan O'Hearn,PIT,Existing registry mapping
MATCHED,0000103,10944,Heliot Ramos,SF,S5AcbkH8,Heliot Ramos,SF,Existing registry mapping
MATCHED,0000104,12024,Jordan Walker,STL,Q6nh5xzy,Jordan Walker,STL,Existing registry mapping
MATCHED,0000100,9105,Nolan Arenado,AZ,1Uj5w0di,Nolan Arenado,AZ,Existing registry mapping
MATCHED,0000101,9116,Francisco Lindor,NYM,RzQqI26Q,Francisco Lindor,NYM,Existing registry mapping
MATCHED,0000114,11384,Julio Rodriguez,SEA,jOU_PM5c,Julio Rodríguez,SEA,Existing registry mapping
MATCHED,0000109,12467,Kahlil Watson,CLE,SmfXJ70t,Kahlil Watson,CLE,Existing registry mapping
MATCHED,0000108,60309,Henry Bolte,ATH,29LVmZNY,Henry Bolte,ATH,Existing registry mapping
MATCHED,0000105,60232,Dalton Rushing,LAD,XBUkeBQ-,Dalton Rushing,LAD,Existing registry mapping
MATCHED,0000106,11349,Francisco Alvarez,NYM,3rBGNee-,Francisco Alvarez,NYM,Existing registry mapping
MATCHED,0000110,64340,Kaelen Culpepper,MIN,pGrQTPNI,Kaelen Culpepper,MIN,Existing registry mapping
MATCHED,0000112,63546,Hector Rodriguez,CIN,URy7fDVz,Hector Rodriguez,CIN,Existing registry mapping
MATCHED,0000929,64333,Dakota Jordan,SF,6m8fwDex,Dakota Jordan,SF,Existing registry mapping
MATCHED,0000102,62090,Victor Bericoto,SF,bt8gzQX9,Victor Bericoto,SF,Existing registry mapping
MATCHED,0000115,12355,Jordan Lawlar,AZ,afOUKjbT,Jordan Lawlar,AZ,Existing registry mapping
MATCHED,0000111,62961,Aidan Miller,PHI,zghD6vQi,Aidan Miller,PHI,Existing registry mapping
MATCHED,0000117,63004,Jonny Farmelo,SEA,spiA-JB5,Jonny Farmelo,SEA,Existing registry mapping
MATCHED,0000118,64437,Chase Harlan,LAD,oSgeg1Wv,Chase Harlan,LAD,Existing registry mapping
MATCHED,0000119,64996,Jhonny Level,SF,BgMKhbPx,Jhonny Level,SF,Existing registry mapping
MATCHED,0000120,60414,Xavier Isaac,TB,6TmxCPbs,Xavier Isaac,TB,Existing registry mapping
MATCHED,0000121,64966,Emil Morales,LAD,lHIpt9vc,Emil Morales,LAD,Existing registry mapping
MATCHED,0000122,65056,Josuar Gonzalez,SF,bsqyPuxU,Josuar Gonzalez,SF,Existing registry mapping
MATCHED,0000123,65746,Xavier Neyens,HOU,yBZCyikB,Xavier Neyens,HOU,Existing registry mapping
MATCHED,0000126,12395,Andrew Abbott,CIN,JpfNR83A,Andrew Abbott,CIN,Existing registry mapping
MATCHED,0000127,9701,Jacob deGrom,TEX,tZdj1PGd,Jacob deGrom,TEX,Existing registry mapping
MATCHED,0000129,11826,George Kirby,SEA,a4_loiDB,George Kirby,SEA,Existing registry mapping
MATCHED,0000135,12330,Brayan Bello,BOS,xx8UiiIm,Brayan Bello,BOS,Existing registry mapping
MATCHED,0000128,9334,Kevin Gausman,TOR,T2lOHA5o,Kevin Gausman,TOR,Existing registry mapping
MATCHED,0000130,8616,Aroldis Chapman,BOS,1X_b971j,Aroldis Chapman,BOS,Existing registry mapping
MATCHED,0000131,11495,Jhoan Duran,PHI,BtAd-iR1,Jhoan Duran,PHI,Existing registry mapping
MATCHED,0000132,11208,Bryan Abreu,HOU,1w4lGyNS,Bryan Abreu,HOU,Existing registry mapping
MATCHED,0000133,12746,Abner Uribe,MIL,yqS3zqzm,Abner Uribe,MIL,Existing registry mapping
MATCHED,0000136,12423,Ty Madden,DET,raZVXSkz,Ty Madden,DET,Existing registry mapping
MATCHED,0000134,64803,Roki Sasaki,LAD,XyKdLwP4,Roki Sasaki,LAD,Existing registry mapping
MATCHED,0000137,60280,Blade Tidwell,SF,UWsFrHlb,Blade Tidwell,SF,Existing registry mapping
MATCHED,0000125,12015,Max Meyer,MIA,y9Bek3eD,Max Meyer,MIA,Existing registry mapping
MATCHED,0000138,10903,Edward Cabrera,CHC,fWd49pKw,Edward Cabrera,CHC,Existing registry mapping
MATCHED,0000139,10214,Edwin Diaz,LAD,efe5qkc2,Edwin Díaz,LAD,Existing registry mapping
MATCHED,0000140,11480,Josiah Gray,WSH,Lw9ggPqA,Josiah Gray,WSH,Existing registry mapping
MATCHED,0000141,64439,Johnny King,TOR,fER5zuqZ,Johnny King,TOR,Existing registry mapping
MATCHED,0000142,60653,Karson Milbrandt,MIA,IqBsmd4m,Karson Milbrandt,MIA,Existing registry mapping
SUGGESTED_MATCH,,12054,Patrick Bailey,CLE,4KsqeAh1,Patrick Bailey,CLE,Name/team match. Awaiting registry approval
MATCHED,0000144,11365,Alec Bohm,PHI,zjAhJXQo,Alec Bohm,PHI,Existing registry mapping
MATCHED,0000146,12144,Nick Loftin,KC,-biPwMIe,Nick Loftin,KC,Existing registry mapping
MATCHED,0000931,12374,Joey Ortiz,MIL,bCc8x2h5,Joey Ortiz,MIL,Existing registry mapping
MATCHED,0000147,11731,Gunnar Henderson,BAL,X2do-vmB,Gunnar Henderson,BAL,Existing registry mapping
MATCHED,0000148,12480,Jackson Chourio,MIL,s4rZ0OG9,Jackson Chourio,MIL,Existing registry mapping
MATCHED,0000149,10849,Cedric Mullins,TB,ReyfY5dg,Cedric Mullins,TB,Existing registry mapping
SUGGESTED_MATCH,,60246,Victor Mesa Jr.,TB,JwQwOe8r,Victor Mesa Jr.,TB,Name/team match. Awaiting registry approval
MATCHED,0000157,11778,Michael Busch,CHC,pIhzS3Vq,Michael Busch,CHC,Existing registry mapping
MATCHED,0000156,11284,Nico Hoerner,CHC,4iA_xrxr,Nico Hoerner,CHC,Existing registry mapping
MATCHED,0000153,12049,Nick Gonzales,PIT,VR-NGnaZ,Nick Gonzales,PIT,Existing registry mapping
MATCHED,0000145,11817,Bryson Stott,PHI,EKcsf17N,Bryson Stott,PHI,Existing registry mapping
MATCHED,0000930,12080,Justin Foscue,TEX,kR5cgNXN,Justin Foscue,TEX,Existing registry mapping
MATCHED,0000155,10076,Elias Diaz,TEX,ge5MmH0n,Elias Díaz,TEX,Existing registry mapping
MATCHED,0000151,64330,Cam Smith,HOU,M6CdHLyJ,Cam Smith,HOU,Existing registry mapping
MATCHED,0000124,64549,Devin Fitz-Gerald,WSH,PpoAiYi7,Devin Fitz-Gerald,WSH,Existing registry mapping
MATCHED,0000143,12160,Endy Rodriguez,PIT,oS8kLtOk,Endy Rodríguez,PIT,Existing registry mapping
MATCHED,0000158,64361,Christian Moore,LAA,dhZi99AM,Christian Moore,LAA,Existing registry mapping
MATCHED,0000159,62952,Ralphy Velazquez,CLE,H20UfXHy,Ralphy Velazquez,CLE,Existing registry mapping
MATCHED,0000160,60582,Michael Arroyo,SEA,JBzbG95H,Michael Arroyo,SEA,Existing registry mapping
MATCHED,0000161,62804,Roc Riggio,COL,Xa0JRPmM,Roc Riggio,COL,Existing registry mapping
MATCHED,0000162,66410,Cris Rodriguez,DET,YmX4Grqt,Cris Rodriguez,DET,Existing registry mapping
MATCHED,0000163,65739,Luke Stevenson,SEA,iepB0hcY,Luke Stevenson,SEA,Existing registry mapping
MATCHED,0000164,65761,Josh Hammond,KC,MK4IGDXn,Josh Hammond,KC,Existing registry mapping
MATCHED,0000166,12120,Bryce Elder,ATL,IkvstcXr,Bryce Elder,ATL,Existing registry mapping
MATCHED,0000169,10862,Hunter Greene,CIN,RQ5XNWpf,Hunter Greene,CIN,Existing registry mapping
MATCHED,0000183,60262,Logan Henderson,MIL,0hdMRUX1,Logan Henderson,MIL,Existing registry mapping
MATCHED,0000181,12263,Janson Junk,MIA,uq5bayEs,Janson Junk,MIA,Existing registry mapping
MATCHED,0000176,10538,Anthony Kay,CWS,TFcRHL6u,Anthony Kay,CWS,Existing registry mapping
MATCHED,0000172,10606,Ryne Stanek,STL,Qa_ipE02,Ryne Stanek,STL,Existing registry mapping
MATCHED,0000173,60329,Orion Kerkering,PHI,_Ai7MMAy,Orion Kerkering,PHI,Existing registry mapping
MATCHED,0000932,10469,Tyler Alexander,TEX,2fTZBlNt,Tyler Alexander,TEX,Existing registry mapping
MATCHED,0000933,12661,Brennan Bernardino,COL,LfDkdjvs,Brennan Bernardino,COL,Existing registry mapping
MATCHED,0000168,61601,Kyle Leahy,STL,SgEK26UK,Kyle Leahy,STL,Existing registry mapping
MATCHED,0000175,9949,Michael Lorenzen (Pitcher),COL,fq0ev1Q8,Michael Lorenzen,COL,Existing registry mapping
NO_MATCH,,62895,Khristian Curtis,PIT,,,,No HKB player found
MATCHED,0000179,60337,Thomas Harrington,PIT,Go4K08Mh,Thomas Harrington,PIT,Existing registry mapping
MATCHED,0000177,60381,Carson Whisenhunt,SF,-JQjkBE2,Carson Whisenhunt,SF,Existing registry mapping
MATCHED,0000174,12733,Tim Herrin,CLE,u-OihTDD,Tim Herrin,CLE,Existing registry mapping
MATCHED,0000180,63143,Connelly Early,BOS,0q3NFtz0,Connelly Early,BOS,Existing registry mapping
NO_MATCH,,10889,Richard Lovelady,WSH,,,,No HKB player found
MATCHED,0000182,12392,Graham Ashcraft,CIN,Y3h00Sx9,Graham Ashcraft,CIN,Existing registry mapping
MATCHED,0000184,62975,Chase Dollander,COL,I-W6dJ28,Chase Dollander,COL,Existing registry mapping
MATCHED,0000185,12429,Reese Olson,DET,sqXmB7sX,Reese Olson,DET,Existing registry mapping
MATCHED,0000186,60297,Drew Thorpe,CWS,exE62Yvb,Drew Thorpe,CWS,Existing registry mapping
MATCHED,0000187,60395,Cooper Hjerpe,STL,iLtvjaFA,Cooper Hjerpe,STL,Existing registry mapping
MATCHED,0000188,64938,Michael Forret,TB,MB3XqtZ6,Michael Forret,TB,Existing registry mapping
MATCHED,0000189,65729,Kade Anderson,SEA,bZmhvTXv,Kade Anderson,SEA,Existing registry mapping
MATCHED,0000190,11855,Gabriel Moreno,AZ,9KWm19nW,Gabriel Moreno,AZ,Existing registry mapping
MATCHED,0000191,10922,Mark Vientos,NYM,q5zY6VqU,Mark Vientos,NYM,Existing registry mapping
MATCHED,0000200,12100,Otto Lopez,MIA,hgk8sp55,Otto Lopez,MIA,Existing registry mapping
MATCHED,0000193,62954,Colt Emerson,SEA,Pvwd6Acc,Colt Emerson,SEA,Existing registry mapping
MATCHED,0000194,12322,Ezequiel Tovar,COL,k9Fqn_3B,Ezequiel Tovar,COL,Existing registry mapping
MATCHED,0000195,12731,Wilyer Abreu,BOS,UVXTxyjT,Wilyer Abreu,BOS,Existing registry mapping
MATCHED,0000201,12503,Zack Gelof,ATH,db1KdB7Z,Zack Gelof,ATH,Existing registry mapping
MATCHED,0000197,12550,Alec Burleson,STL,2dQlQqI5,Alec Burleson,STL,Existing registry mapping
MATCHED,0000198,10839,Jazz Chisholm Jr.,NYY,cMMen5hA,Jazz Chisholm Jr.,NYY,Existing registry mapping
MATCHED,0000203,11914,Spencer Torkelson,DET,KHujQLv_,Spencer Torkelson,DET,Existing registry mapping
MATCHED,0000196,10951,Jesus Sanchez,TOR,2u6ain6K,Jesús Sánchez,TOR,Existing registry mapping
MATCHED,0000192,11391,Nolan Gorman,STL,rBLQJGHz,Nolan Gorman,STL,Existing registry mapping
MATCHED,0000199,10646,Ronald Acuna Jr.,ATL,W6nKHmKR,Ronald Acuña Jr.,ATL,Existing registry mapping
MATCHED,0000202,10572,Josh Naylor,SEA,86CcTag5,Josh Naylor,SEA,Existing registry mapping
MATCHED,0000204,60090,Jackson Holliday,BAL,-yiKmWbl,Jackson Holliday,BAL,Existing registry mapping
MATCHED,0000205,12005,Tyler Soderstrom,ATH,w3cMzrIK,Tyler Soderstrom,ATH,Existing registry mapping
MATCHED,0000206,60120,Moises Ballesteros,CHC,eBuPi0qK,Moises Ballesteros,CHC,Existing registry mapping
MATCHED,0000207,11805,Jasson Dominguez,NYY,duJo_gti,Jasson Domínguez,NYY,Existing registry mapping
MATCHED,0000208,11853,Alejandro Kirk,TOR,ehCxwPL3,Alejandro Kirk,TOR,Existing registry mapping
MATCHED,0000209,60184,Jacob Melton,TB,sVoKeOSc,Jacob Melton,TB,Existing registry mapping
MATCHED,0000210,64101,Leo De Vries,ATH,asxwj6S3,Leo De Vries,ATH,Existing registry mapping
MATCHED,0000211,62941,Aidan Smith,TB,Cpl1nvwK,Aidan Smith,TB,Existing registry mapping
MATCHED,0000212,62962,Walker Jenkins,MIN,2Iw3KCL5,Walker Jenkins,MIN,Existing registry mapping
MATCHED,0000213,65748,Ethan Conrad,CHC,Bjac3Rom,Ethan Conrad,CHC,Existing registry mapping
MATCHED,0000214,65794,Dax Kilby,NYY,xNcp6AiQ,Dax Kilby,NYY,Existing registry mapping
MATCHED,0000215,65733,Steele Hall,CIN,iPBSzJnp,Steele Hall,CIN,Existing registry mapping
MATCHED,0000216,64332,Vance Honeycutt,BAL,47d3rukL,Vance Honeycutt,BAL,Existing registry mapping
MATCHED,0000217,11684,Kyle Hart,SD,REkaNLeb,Kyle Hart,SD,Existing registry mapping
MATCHED,0000221,11372,Braxton Ashcraft,PIT,NUYLuQTC,Braxton Ashcraft,PIT,Existing registry mapping
MATCHED,0000228,10940,MacKenzie Gore,TEX,4D29pHGe,MacKenzie Gore,TEX,Existing registry mapping
MATCHED,0000218,60584,Bryan Woo,SEA,lggw5zvh,Bryan Woo,SEA,Existing registry mapping
MATCHED,0000227,11323,Brady Singer,CIN,GZ4LFdqv,Brady Singer,CIN,Existing registry mapping
MATCHED,0000222,10931,JoJo Romero,STL,1WsBz2cE,JoJo Romero,STL,Existing registry mapping
MATCHED,0000223,12034,Isaac Mattson,PIT,HAXas6qf,Isaac Mattson,PIT,Existing registry mapping
MATCHED,0000224,63448,Michael Petersen,MIA,hLd6hvH0,Michael Petersen,MIA,Existing registry mapping
MATCHED,0000225,10109,Steven Okert,HOU,jLt3UoRN,Steven Okert,HOU,Existing registry mapping
MATCHED,0000226,10763,Andrew Kittredge,BAL,_MdZuZ6e,Andrew Kittredge,BAL,Existing registry mapping
MATCHED,0000229,10413,Anthony Banda,MIN,tBDvv3Ai,Anthony Banda,MIN,Existing registry mapping
MATCHED,0000219,10489,Foster Griffin,WSH,U7D06UYn,Foster Griffin,WSH,Existing registry mapping
MATCHED,0000220,60238,Emmet Sheehan,LAD,I17__grf,Emmet Sheehan,LAD,Existing registry mapping
MATCHED,0000230,10730,Brandon Woodruff,MIL,KhiVgD6s,Brandon Woodruff,MIL,Existing registry mapping
MATCHED,0000231,11358,Garrett Whitlock,BOS,I4wAxa71,Garrett Whitlock,BOS,Existing registry mapping
MATCHED,0000232,11315,Cristian Javier,HOU,OcfPCIwZ,Cristian Javier,HOU,Existing registry mapping
MATCHED,0000233,10970,Nestor Cortes,SD,32tz9NI2,Nestor Cortes,FA,Existing registry mapping
MATCHED,0000234,12574,Ricky Tiedemann,TOR,rjSMqAXE,Ricky Tiedemann,TOR,Existing registry mapping
MATCHED,0000235,11268,William Contreras,MIL,BTaoEpr2,William Contreras,MIL,Existing registry mapping
MATCHED,0000236,10918,Pete Alonso,BAL,oXdQdv7o,Pete Alonso,BAL,Existing registry mapping
MATCHED,0000237,11785,Nasim Nunez,WSH,auiMGj9q,Nasim Nunez,WSH,Existing registry mapping
MATCHED,0000243,61788,Caleb Durbin,BOS,s1mPRy6Q,Caleb Durbin,BOS,Existing registry mapping
MATCHED,0000239,11771,Bobby Witt Jr.,KC,QbdzhwOi,Bobby Witt Jr.,KC,Existing registry mapping
MATCHED,0000241,12314,Steven Kwan,CLE,FY-FxvdN,Steven Kwan,CLE,Existing registry mapping
MATCHED,0000240,11760,Riley Greene,DET,cNfreiJY,Riley Greene,DET,Existing registry mapping
MATCHED,0000242,11733,Kyle Stowers,MIA,zZKVx00V,Kyle Stowers,MIA,Existing registry mapping
MATCHED,0000245,12451,Carter Jensen,KC,TxPUPUsS,Carter Jensen,KC,Existing registry mapping
MATCHED,0000244,11221,Luis Arraez,SF,lVpIXnfX,Luis Arraez,SF,Existing registry mapping
MATCHED,0000247,9750,Jorge Polanco,NYM,9qkAGAmW,Jorge Polanco,NYM,Existing registry mapping
MATCHED,0000238,10766,Bo Bichette,NYM,saPAevZZ,Bo Bichette,NYM,Existing registry mapping
MATCHED,0000246,9875,Michael Conforto,CHC,aiLfyfK3,Michael Conforto,CHC,Existing registry mapping
MATCHED,0000248,60108,Roman Anthony,BOS,VWsqLjXr,Roman Anthony,BOS,Existing registry mapping
MATCHED,0000249,65276,John Gil,ATL,0gKXS1bA,John Gil,ATL,Existing registry mapping
MATCHED,0000250,65734,JoJo Parker,TOR,YURRydXy,JoJo Parker,TOR,Existing registry mapping
MATCHED,0000251,60368,Lazaro Montes,SEA,INZArV0m,Lazaro Montes,SEA,Existing registry mapping
MATCHED,0000252,64897,Jesus Made,MIL,x1iyCBFF,Jesus Made,MIL,Existing registry mapping
MATCHED,0000253,65812,Josiah Hartshorn,CHC,jFWBARwZ,Josiah Hartshorn,CHC,Existing registry mapping
MATCHED,0000254,65842,Murf Gray,PIT,GcAmFlPh,Murf Gray,PIT,Existing registry mapping
MATCHED,0000934,65759,Cam Cannarella,MIA,ChWHVxDd,Cam Cannarella,MIA,Existing registry mapping
MATCHED,0000256,62487,Didier Fuentes,ATL,tNzLxGTN,Didier Fuentes,ATL,Existing registry mapping
MATCHED,0000265,63602,Andrew Morris,MIN,sHedoTT4,Andrew Morris,MIN,Existing registry mapping
MATCHED,0000260,10438,Dylan Cease,TOR,g1oe1ll9,Dylan Cease,TOR,Existing registry mapping
MATCHED,0000258,63567,Luinder Avila,KC,cfv2Mimx,Luinder Avila,KC,Existing registry mapping
MATCHED,0000267,11138,Framber Valdez,DET,G-GDw60U,Framber Valdez,DET,Existing registry mapping
MATCHED,0000261,60016,Cade Smith,CLE,7patWCaD,Cade Smith,CLE,Existing registry mapping
MATCHED,0000262,11526,Andres Munoz,SEA,5oDMEzNe,Andrés Muñoz,SEA,Existing registry mapping
MATCHED,0000263,10860,Alex Lange,KC,fHdsOBfB,Alex Lange,KC,Existing registry mapping
MATCHED,0000264,11322,Daniel Lynch IV,KC,NfGN11mT,Daniel Lynch,KC,Existing registry mapping
NO_MATCH,,63965,Peyton Gray,TEX,,,,No HKB player found
MATCHED,0000269,10909,Trevor Rogers,BAL,CKcimhsX,Trevor Rogers,BAL,Existing registry mapping
MATCHED,0000257,60188,Spencer Arrighetti,HOU,w6HGyByy,Spencer Arrighetti,HOU,Existing registry mapping
MATCHED,0000266,12468,Eury Perez,MIA,LDt8DrZQ,Eury Pérez,MIA,Existing registry mapping
MATCHED,0000268,63640,Shota Imanaga,CHC,ZwRunb3I,Shota Imanaga,CHC,Existing registry mapping
MATCHED,0000259,60115,Elmer Rodriguez,NYY,t7F9WGvk,Elmer Rodriguez-Cruz,NYY,Existing registry mapping
MATCHED,0000272,63967,Shane Smith,CWS,Z7GpzN2p,Shane Smith,CWS,Existing registry mapping
NO_MATCH,,65037,Samy Natera Jr.,LAA,,,,No HKB player found
MATCHED,0000273,12687,Jeremiah Estrada,SD,dSTweMY0,Jeremiah Estrada,SD,Existing registry mapping
MATCHED,0000274,10848,DL Hall,MIL,0nQR140b,DL Hall,MIL,Existing registry mapping
MATCHED,0000275,11319,Kris Bubic,KC,KnV5OV4l,Kris Bubic,KC,Existing registry mapping
MATCHED,0000276,60440,Cody Bradford,TEX,psANPd5O,Cody Bradford,TEX,Existing registry mapping
MATCHED,0000277,63028,Jaxon Wiggins,CHC,Rv8jZroi,Jaxon Wiggins,CHC,Existing registry mapping
MATCHED,0000278,65403,Tyson Hardin,MIL,7qdYEJmI,Tyson Hardin,MIL,Existing registry mapping
MATCHED,0000279,65779,Briggs McKenzie,ATL,bDIz0sIJ,Briggs McKenzie,ATL,Existing registry mapping
MATCHED,0000280,11662,Jonah Heim,ATH,IgMn1rjB,Jonah Heim,ATH,Existing registry mapping
MATCHED,0000281,12361,Vaughn Grissom,LAA,tAdntUbu,Vaughn Grissom,LAA,Existing registry mapping
MATCHED,0000284,63132,Ben Williamson,TB,EFLZ6WWw,Ben Williamson,TB,Existing registry mapping
MATCHED,0000283,9724,Eugenio Suarez,CIN,Qmg7PLNn,Eugenio Suárez,CIN,Existing registry mapping
MATCHED,0000293,64435,Joshua Kuroda-Grauer,ATH,g4bdr8GN,Joshua Kuroda-Grauer,ATH,Existing registry mapping
MATCHED,0000286,10524,Mauricio Dubon,ATL,vwK6GYSc,Mauricio Dubón,ATL,Existing registry mapping
MATCHED,0000292,12719,Lawrence Butler,ATH,XkaEM7Pw,Lawrence Butler,ATH,Existing registry mapping
MATCHED,0000285,60623,Jake Mangum,PIT,WO1siUiA,Jake Mangum,PIT,Existing registry mapping
MATCHED,0000289,11417,Geraldo Perdomo,AZ,MMeYKEdX,Geraldo Perdomo,AZ,Existing registry mapping
MATCHED,0000290,60536,Carlos Narvaez,BOS,zFDc1sUP,Carlos Narvaez,BOS,Existing registry mapping
MATCHED,0000288,10616,Lourdes Gurriel Jr.,AZ,NBw-Oe6K,Lourdes Gurriel Jr.,AZ,Existing registry mapping
MATCHED,0000282,62985,Tommy Troy,AZ,gaj3ASBv,Tommy Troy,AZ,Existing registry mapping
NO_MATCH,,65522,Jim Jarvis,ATL,,,,No HKB player found
MATCHED,0000291,64313,Nick Kurtz,ATH,15mXIAP6,Nick Kurtz,ATH,Existing registry mapping
MATCHED,0000287,12575,Samad Taylor,SD,50afHy4w,Samad Taylor,SD,Existing registry mapping
MATCHED,0000294,12336,Maikel Garcia,KC,ZvnuydpG,Maikel Garcia,KC,Existing registry mapping
MATCHED,0000295,10929,Sean Murphy,ATL,kinX_3mq,Sean Murphy,ATL,Existing registry mapping
MATCHED,0000296,12504,Denzel Clarke,ATH,Pdo66wL_,Denzel Clarke,ATH,Existing registry mapping
MATCHED,0000297,12121,Heston Kjerstad,BAL,TW2loKbL,Heston Kjerstad,BAL,Existing registry mapping
MATCHED,0000298,62404,Jhostynxon Garcia,PIT,rR9akwDJ,Jhostynxon Garcia,PIT,Existing registry mapping
MATCHED,0000299,65744,Wehiwa Aloy,BAL,pXNpc9Wl,Wehiwa Aloy,BAL,Existing registry mapping
MATCHED,0000300,65727,Jace LaViolette,CLE,R4N4mDhO,Jace LaViolette,CLE,Existing registry mapping
MATCHED,0000315,63428,Keider Montero,DET,NXWzIH8O,Keider Montero,DET,Existing registry mapping
MATCHED,0000301,11479,Braydon Fisher,TOR,0B44Qznv,Braydon Fisher,TOR,Existing registry mapping
MATCHED,0000311,10921,David Peterson,CHC,r-ELDvip,David Peterson,CHC,Existing registry mapping
MATCHED,0000302,60541,Jake Bennett,BOS,2GEiHTa1,Jake Bennett,BOS,Existing registry mapping
MATCHED,0000316,9620,Max Fried,NYY,d1WuqFCF,Max Fried,NYY,Existing registry mapping
MATCHED,0000306,10432,Tanner Scott,LAD,aRg-ZSMg,Tanner Scott,LAD,Existing registry mapping
MATCHED,0000307,11815,Erik Miller,SF,srjwfXXu,Erik Miller,SF,Existing registry mapping
MATCHED,0000308,9902,Raisel Iglesias,ATL,Iv8XK4OX,Raisel Iglesias,ATL,Existing registry mapping
MATCHED,0000321,11052,Evan Phillips,LAD,0JPZ0ERm,Evan Phillips,LAD,Existing registry mapping
MATCHED,0000310,12695,Louis Varland,TOR,lYN-CC4w,Louis Varland,TOR,Existing registry mapping
MATCHED,0000305,63960,Andrew Alvarez,WSH,u2UOwp0D,Andrew Alvarez,WSH,Existing registry mapping
MATCHED,0000309,11634,John Schreiber,KC,5HHg5qsx,John Schreiber,KC,Existing registry mapping
MATCHED,0000314,12617,Davis Martin,CWS,2T1AKiwc,Davis Martin,CWS,Existing registry mapping
MATCHED,0000304,11083,Casey Mize,DET,WiaaMKVK,Casey Mize,DET,Existing registry mapping
MATCHED,0000313,11823,Joey Cantillo,CLE,ruUFNmNx,Joey Cantillo,CLE,Existing registry mapping
MATCHED,0000303,12141,Hunter Brown,HOU,iZbcJerP,Hunter Brown,HOU,Existing registry mapping
SUGGESTED_MATCH,,60139,Logan Allen,CLE,Ig0JBXPe,Logan Allen,CLE,Name/team match. Awaiting registry approval
MATCHED,0000935,9640,Lucas Giolito,SD,1eCDiQXx,Lucas Giolito,SD,Existing registry mapping
MATCHED,0000317,12085,Bowden Francis,TOR,zZO5ccB4,Bowden Francis,TOR,Existing registry mapping
MATCHED,0000318,60630,Jesse Scholtens,TB,g7bfaJII,Jesse Scholtens,TB,Existing registry mapping
MATCHED,0000320,12281,Spencer Strider,ATL,y6rIf6fM,Spencer Strider,ATL,Existing registry mapping
MATCHED,0000323,64010,Braden Nett,ATH,rRMuXCFJ,Braden Nett,ATH,Existing registry mapping
MATCHED,0000324,64513,Luke Sinnard,ATL,mMXgnPMm,Luke Sinnard,ATL,Existing registry mapping
MATCHED,0000325,64350,Jurrangelo Cijntje,STL,YeYYn32w,Jurrangelo Cijntje,STL,Existing registry mapping
MATCHED,0000326,12628,Jason Alexander,HOU,0gcJ5guB,Jason Alexander,HOU,Existing registry mapping
MATCHED,0000327,60191,Miguel Ullola,HOU,MMFX75tR,Miguel Ullola,HOU,Existing registry mapping
MATCHED,0000322,60658,Cade Povich,BAL,h-33uoDD,Cade Povich,BAL,Existing registry mapping
MATCHED,0000328,11928,Dillon Dingler,DET,ygT8uez2,Dillon Dingler,DET,Existing registry mapping
MATCHED,0000329,64312,Jac Caglianone,KC,H0JCSr2Y,Jac Caglianone,KC,Existing registry mapping
MATCHED,0000330,10964,Luis Garcia Jr.,WSH,7fHrrvf3,Luis García Jr.,WSH,Existing registry mapping
MATCHED,0000331,11892,Ernie Clement,TOR,wJOnX7Zo,Ernie Clement,TOR,Existing registry mapping
MATCHED,0000332,12025,Masyn Winn,STL,fDckWVV3,Masyn Winn,STL,Existing registry mapping
MATCHED,0000341,12667,Kerry Carpenter,DET,e8h3Yusd,Kerry Carpenter,DET,Existing registry mapping
MATCHED,0000334,12157,Pete Crow-Armstrong,CHC,nANRzPFy,Pete Crow-Armstrong,CHC,Existing registry mapping
MATCHED,0000338,10893,Jo Adell,LAA,yQIFePz6,Jo Adell,LAA,Existing registry mapping
MATCHED,0000335,11796,Brett Baty,NYM,AaI5dHjo,Brett Baty,NYM,Existing registry mapping
MATCHED,0000340,10159,Andrew Benintendi,CWS,JqYjVUnC,Andrew Benintendi,CWS,Existing registry mapping
MATCHED,0000333,10119,Mike Yastrzemski,ATL,caAFCUvL,Mike Yastrzemski,ATL,Existing registry mapping
MATCHED,0000337,64169,Sung-Mun Song,SD,Rl6a1trp,Sung-Mun Song,SD,Existing registry mapping
MATCHED,0000342,12026,Austin Martin,MIN,bTQOlONQ,Austin Martin,MIN,Existing registry mapping
MATCHED,0000344,12488,Carlos Cortes,ATH,HtHFKnXv,Carlos Cortes,ATH,Existing registry mapping
MATCHED,0000345,10566,Ke'Bryan Hayes,CIN,i6h9nLe8,Ke'Bryan Hayes,CIN,Existing registry mapping
MATCHED,0000339,12390,Matt McLain,CIN,7cG7XVe7,Matt McLain,CIN,Existing registry mapping
MATCHED,0000336,12732,David Hamilton,MIL,c1iACU-X,David Hamilton,MIL,Existing registry mapping
MATCHED,0000346,12122,Jordan Westburg,BAL,sfG4d1QM,Jordan Westburg,BAL,Existing registry mapping
MATCHED,0000343,64427,Jared Jones,PIT,EAONk8Sh,Jared Jones,PIT,Existing registry mapping
MATCHED,0000347,62960,Blake Mitchell,KC,e1J_fTg3,Blake Mitchell,KC,Existing registry mapping
MATCHED,0000348,11388,Marco Luciano,NYY,I8h7Kzde,Marco Luciano,NYY,Existing registry mapping
MATCHED,0000349,60336,Termarr Johnson,PIT,B7MaqaaZ,Termarr Johnson,PIT,Existing registry mapping
MATCHED,0000350,62974,Max Clark,DET,3DFPrm3r,Max Clark,DET,Existing registry mapping
MATCHED,0000351,65721,Ethan Holliday,COL,ltVK8OsG,Ethan Holliday,COL,Existing registry mapping
MATCHED,0000352,9582,Sean Manaea,NYM,eAOa-FKj,Sean Manaea,NYM,Existing registry mapping
MATCHED,0000353,9546,Eduardo Rodriguez,AZ,tkgGjvqU,Eduardo Rodriguez,AZ,Existing registry mapping
MATCHED,0000356,12086,Jacob Latz,TEX,OHpWc1VV,Jake Latz,TEX,Existing registry mapping
MATCHED,0000363,11926,Reid Detmers,LAA,XULzxCci,Reid Detmers,LAA,Existing registry mapping
MATCHED,0000354,12007,Cade Cavalli,WSH,fmgrRRKU,Cade Cavalli,WSH,Existing registry mapping
MATCHED,0000357,11628,Devin Williams,NYM,WSb6oao6,Devin Williams,NYM,Existing registry mapping
MATCHED,0000358,11846,Riley O'Brien,STL,CQxa83Up,Riley OBrien,STL,Existing registry mapping
MATCHED,0000359,11645,David Bednar,NYY,RpWwIAf4,David Bednar,NYY,Existing registry mapping
MATCHED,0000360,10657,Paul Sewald,AZ,kD3Rulvw,Paul Sewald,AZ,Existing registry mapping
MATCHED,0000362,8758,Kenley Jansen,DET,KUWaF-Oi,Kenley Jansen,DET,Existing registry mapping
MATCHED,0000361,11489,Aaron Ashby,MIL,IkcMHx7G,Aaron Ashby,MIL,Existing registry mapping
MATCHED,0000364,9727,Kirby Yates,LAA,Xq1ueIKO,Kirby Yates,LAA,Existing registry mapping
MATCHED,0000370,60070,Owen Murphy,ATL,oUk33Cuo,Owen Murphy,ATL,Existing registry mapping
MATCHED,0000355,1000002,Shohei Ohtani (Pitcher),LAD,seQYv10w,Shohei Ohtani,LAD,Existing registry mapping
MATCHED,0000365,12561,Jack Leiter,TEX,ySWcf7-h,Jack Leiter,TEX,Existing registry mapping
MATCHED,0000366,64011,Logan Evans,SEA,a2eql16b,Logan Evans,SEA,Existing registry mapping
MATCHED,0000367,10141,Zach Eflin,BAL,0UnStI2C,Zach Eflin,BAL,Existing registry mapping
MATCHED,0000368,64326,Cam Caminiti,ATL,4hHchkOL,Cam Caminiti,ATL,Existing registry mapping
MATCHED,0000369,64336,Kash Mayfield,SD,FpaVgMJU,Kash Mayfield,SD,Existing registry mapping
MATCHED,0000371,65731,Kruz Schoolcraft,SD,lUvKXD66,Kruz Schoolcraft,SD,Existing registry mapping
MATCHED,0000372,63100,Trevor Harrison,TB,ckMUN8cN,Trevor Harrison,TB,Existing registry mapping
MATCHED,0000373,9718,J.T. Realmuto,PHI,Y7STCais,J.T. Realmuto,PHI,Existing registry mapping
MATCHED,0000374,12262,Romy Gonzalez,BOS,yH28Ua8R,Romy Gonzalez,BOS,Existing registry mapping
MATCHED,0000375,10237,Ozzie Albies,ATL,wh6PzJjo,Ozzie Albies,ATL,Existing registry mapping
MATCHED,0000392,9507,Jose Ramirez,CLE,66D27pAK,José Ramírez,CLE,Existing registry mapping
MATCHED,0000384,62354,Alex Freeland,LAD,tGXcSEqS,Alex Freeland,LAD,Existing registry mapping
MATCHED,0000378,10883,Yordan Alvarez,HOU,ZznYw38E,Yordan Alvarez,HOU,Existing registry mapping
MATCHED,0000379,10843,Daulton Varsho,TOR,ZJl5u_og,Daulton Varsho,TOR,Existing registry mapping
MATCHED,0000380,10480,Kyle Tucker,LAD,csBTWxeU,Kyle Tucker,LAD,Existing registry mapping
MATCHED,0000381,10440,Ian Happ,CHC,Wr58xLKm,Ian Happ,CHC,Existing registry mapping
MATCHED,0000382,12582,Daylen Lile,WSH,EOzZGxAA,Daylen Lile,WSH,Existing registry mapping
MATCHED,0000376,64533,Sam Antonacci,CWS,wzEf0PK0,Sam Antonacci,CWS,Existing registry mapping
MATCHED,0000377,9610,J.P. Crawford,SEA,Y-S9NbSq,J.P. Crawford,SEA,Existing registry mapping
MATCHED,0000383,60183,Drew Gilbert,SF,ifzPRs8Y,Drew Gilbert,SF,Existing registry mapping
MATCHED,0000385,64479,Ryan Waldschmidt,AZ,okC4dDyK,Ryan Waldschmidt,AZ,Existing registry mapping
MATCHED,0000386,64314,Braden Montgomery,CWS,Gzg16IJf,Braden Montgomery,CWS,Existing registry mapping
MATCHED,0000387,10456,Tyler Stephenson,CIN,2zpRvN1E,Tyler Stephenson,CIN,Existing registry mapping
MATCHED,0000388,62342,Luke Adams,MIL,Udd6o62h,Luke Adams,MIL,Existing registry mapping
MATCHED,0000936,12477,Jeferson Quero,MIL,MjPkEspE,Jeferson Quero,MIL,Existing registry mapping
MATCHED,0000390,62984,Matt Shaw,CHC,tTgeORtg,Matt Shaw,CHC,Existing registry mapping
MATCHED,0000391,12742,Spencer Horwitz,PIT,hWtgfuyU,Spencer Horwitz,PIT,Existing registry mapping
MATCHED,0000393,12580,Brady House,WSH,yLZigg0h,Brady House,WSH,Existing registry mapping
MATCHED,0000395,65740,Ike Irish,BAL,n8IBN3fW,Ike Irish,BAL,Existing registry mapping
MATCHED,0000396,64916,Rainiel Rodriguez,STL,yttbbtDr,Rainiel Rodriguez,STL,Existing registry mapping
MATCHED,0000397,60418,Ian Seymour,TB,0_ua4GPc,Ian Seymour,TB,Existing registry mapping
MATCHED,0000401,12484,Chase Petty,CIN,jFIz01m2,Chase Petty,CIN,Existing registry mapping
MATCHED,0000409,62912,Zac Thornton,NYM,BgaXBL8J,Zach Thornton,NYM,Existing registry mapping
MATCHED,0000407,64811,Hunter Dobbins,STL,Y9x1BdqQ,Hunter Dobbins,STL,Existing registry mapping
MATCHED,0000400,12401,Gavin Williams,CLE,eXcpOtI2,Gavin Williams,CLE,Existing registry mapping
MATCHED,0000402,11011,Seranthony Dominguez,CWS,4Ydzhw23,Seranthony Domínguez,CWS,Existing registry mapping
MATCHED,0000403,11400,Tyler Phillips,MIA,ZgOnlcst,Tyler Phillips,MIA,Existing registry mapping
MATCHED,0000404,10415,Taylor Clarke,AZ,d9BfwQXt,Taylor Clarke,AZ,Existing registry mapping
MATCHED,0000406,63515,Yuki Matsui,SD,bpwvbues,Yuki Matsui,SD,Existing registry mapping
MATCHED,0000410,9575,Lance McCullers Jr.,MIL,nTD3XWsy,Lance McCullers Jr.,MIL,Existing registry mapping
MATCHED,0000399,10048,Colin Rea,CHC,W4hPNU8X,Colin Rea,CHC,Existing registry mapping
MATCHED,0000398,11789,Drew Rasmussen,TB,g6lxWZMF,Drew Rasmussen,TB,Existing registry mapping
MATCHED,0000405,63720,Justin Sterner,ATH,BsNt8ZdJ,Justin Sterner,ATH,Existing registry mapping
MATCHED,0000411,60346,Robby Snelling,MIA,AVNyCKp3,Robby Snelling,MIA,Existing registry mapping
MATCHED,0000412,11829,Brandon Williamson,CIN,IBRv87lR,Brandon Williamson,CIN,Existing registry mapping
MATCHED,0000413,12363,Spencer Schwellenbach,ATL,WYvWk3-b,Spencer Schwellenbach,ATL,Existing registry mapping
MATCHED,0000408,65006,Ty Johnson,TB,kK0PlhuZ,Ty Johnson,TB,Existing registry mapping
MATCHED,0000414,65823,Tanner Franklin,STL,92JgKsxM,Tanner Franklin,STL,Existing registry mapping
MATCHED,0000415,60338,Hunter Barco,PIT,cPVc4Xqe,Hunter Barco,PIT,Existing registry mapping
MATCHED,0000416,62989,Charlee Soto,MIN,T_MwtxBv,Charlee Soto,MIN,Existing registry mapping
MATCHED,0000417,65730,Liam Doyle,STL,BosAaL3O,Liam Doyle,STL,Existing registry mapping
MATCHED,0000418,65765,Zachary Root,LAD,zz72cEtz,Zachary Root,LAD,Existing registry mapping
MATCHED,0000419,65754,Riley Quick,MIN,mZHebWVv,Riley Quick,MIN,Existing registry mapping
MATCHED,0000420,12161,Austin Wells,NYY,ttY5tdNJ,Austin Wells,NYY,Existing registry mapping
MATCHED,0000421,60411,Kyle Manzardo,CLE,_psqvG_u,Kyle Manzardo,CLE,Existing registry mapping
NO_MATCH,,11321,Nicky Lopez,TEX,,,,No HKB player found
MATCHED,0000423,62831,Kyle Karros,COL,xixBjgVj,Kyle Karros,COL,Existing registry mapping
MATCHED,0000950,11524,Gabriel Arias,CLE,opJmdZYL,Gabriel Arias,CLE,Existing registry mapping
MATCHED,0000425,12521,James Wood,WSH,j74ZhM3m,James Wood,WSH,Existing registry mapping
MATCHED,0000426,63002,Cole Carrigg,COL,qR686_A6,Cole Carrigg,COL,Existing registry mapping
MATCHED,0000427,12152,Garrett Mitchell,MIL,L_x5QoC0,Garrett Mitchell,MIL,Existing registry mapping
MATCHED,0000430,64311,Travis Bazzana,CLE,ZjqbGJe7,Travis Bazzana,CLE,Existing registry mapping
MATCHED,0000433,12563,Evan Carter,TEX,yOSWSc36,Evan Carter,TEX,Existing registry mapping
MATCHED,0000434,12430,Colt Keith,DET,GitocFgt,Colt Keith,DET,Existing registry mapping
MATCHED,0000431,11090,Nathaniel Lowe,CIN,hIKgkSsh,Nathaniel Lowe,CIN,Existing registry mapping
MATCHED,0000424,64063,Jose Fernandez,AZ,bwAw8eHm,Jose Fernandez,AZ,Existing registry mapping
MATCHED,0000428,65020,James Tibbs III,LAD,TCFp3A0i,James Tibbs III,LAD,Existing registry mapping
MATCHED,0000429,63576,Josue De Paula,LAD,WeqA8yWb,Josue De Paula,LAD,Existing registry mapping
MATCHED,0000432,60143,Angel Genao,CLE,uv3REMnE,Angel Genao,CLE,Existing registry mapping
MATCHED,0000435,62793,Max Anderson,DET,14Jrigbs,Max Anderson,DET,Existing registry mapping
MATCHED,0000951,60581,Tyler Locklear,AZ,E_jpxXB3,Tyler Locklear,AZ,Existing registry mapping
MATCHED,0000422,62798,Brice Matthews,HOU,Fk77eyJQ,Brice Matthews,HOU,Existing registry mapping
MATCHED,0000436,12375,Marcelo Mayer,BOS,f8sa_1xd,Marcelo Mayer,BOS,Existing registry mapping
MATCHED,0000437,9754,Enrique Hernandez,LAD,QCrQ14df,Enrique Hernández,LAD,Existing registry mapping
MATCHED,0000438,64362,Braylon Payne,MIL,pxip8ypg,Braylon Payne,MIL,Existing registry mapping
MATCHED,0000439,65050,Shotaro Morii,ATH,qdoMXcN4,Shotaro Morii,ATH,Existing registry mapping
MATCHED,0000440,63545,Alfredo Duno,CIN,b2JTJZKq,Alfredo Duno,CIN,Existing registry mapping
MATCHED,0000441,63011,Eric Bitonti,MIL,49NJYcXP,Eric Bitonti,MIL,Existing registry mapping
MATCHED,0000442,65724,Eli Willits,WSH,SGhftjpr,Eli Willits,WSH,Existing registry mapping
MATCHED,0000443,65756,Andrew Fischer,MIL,jAvGGn4Q,Andrew Fischer,MIL,Existing registry mapping
MATCHED,0000444,65784,Jaden Fauske,CWS,38eD4Wd0,Jaden Fauske,CWS,Existing registry mapping
MATCHED,0000445,62977,Rhett Lowder,CIN,g7sjaWTZ,Rhett Lowder,CIN,Existing registry mapping
MATCHED,0000448,62899,Bishop Letson,MIL,aJaTiHLT,Bishop Letson,MIL,Existing registry mapping
MATCHED,0000449,10576,Eric Lauer,LAD,WqG8u71n,Eric Lauer,LAD,Existing registry mapping
MATCHED,0000456,11428,Dean Kremer,BAL,hAAhAshg,Dean Kremer,BAL,Existing registry mapping
MATCHED,0000455,12418,Sean Burke,CWS,c05DZx3n,Sean Burke,CWS,Existing registry mapping
MATCHED,0000446,64316,Chase Burns,CIN,OaD91YmB,Chase Burns,CIN,Existing registry mapping
MATCHED,0000450,63485,Will Klein,LAD,ai1P3gAF,Will Klein,LAD,Existing registry mapping
MATCHED,0000452,12727,Brent Headrick,NYY,aTyydCYy,Brent Headrick,NYY,Existing registry mapping
MATCHED,0000451,9262,Brooks Raley,NYM,CMgOhy5m,Brooks Raley,NYM,Existing registry mapping
MATCHED,0000454,10691,Emilio Pagan,CIN,ilSvC2g5,Emilio Pagan,CIN,Existing registry mapping
MATCHED,0000447,60119,Jackson Ferris,LAD,NUuvqFD3,Jackson Ferris,LAD,Existing registry mapping
MATCHED,0000457,12497,Hayden Wesneski,HOU,ebnEmGtS,Hayden Wesneski,HOU,Existing registry mapping
MATCHED,0000458,7590,Justin Verlander,DET,_C8WXdWF,Justin Verlander,DET,Existing registry mapping
MATCHED,0000453,12175,Kyle Harrison,MIL,KNxFbrU3,Kyle Harrison,MIL,Existing registry mapping
MATCHED,0000459,66397,Wei-En Lin,ATH,m49V83ap,Wei-En Lin,ATH,Existing registry mapping
MATCHED,0000460,65728,Kyson Witherspoon,BOS,KgQIF9lD,Kyson Witherspoon,BOS,Existing registry mapping
MATCHED,0000461,65886,Gage Wood,PHI,CVOLqaMm,Gage Wood,PHI,Existing registry mapping
MATCHED,0000462,9097,Gary Sanchez,MIL,qSMeCZq_,Gary Sánchez,MIL,Existing registry mapping
MATCHED,0000463,10621,Vladimir Guerrero Jr.,TOR,8gfkm-Am,Vladimir Guerrero Jr.,TOR,Existing registry mapping
MATCHED,0000464,10752,Ildemaro Vargas,AZ,BRXntOfx,Ildemaro Vargas,AZ,Existing registry mapping
MATCHED,0000465,66491,Kazuma Okamoto,TOR,sk238nTq,Kazuma Okamoto,TOR,Existing registry mapping
MATCHED,0000467,10594,Edmundo Sosa,PHI,RVGZjf4s,Edmundo Sosa,PHI,Existing registry mapping
MATCHED,0000468,10499,Brandon Marsh,PHI,Nbnu2zJL,Brandon Marsh,PHI,Existing registry mapping
MATCHED,0000469,9876,Brandon Nimmo,TEX,vkO-Brh0,Brandon Nimmo,TEX,Existing registry mapping
MATCHED,0000470,9846,Christian Walker,HOU,sqs8wuy4,Christian Walker,HOU,Existing registry mapping
MATCHED,0000471,61782,Tristan Gray,MIN,wDFTqI4t,Tristan Gray,MIN,Existing registry mapping
MATCHED,0000472,10395,Carson Kelly,CHC,AlkcNSyb,Carson Kelly,CHC,Existing registry mapping
MATCHED,0000473,64858,Hyeseong Kim,LAD,hadITiRk,Hyeseong Kim,LAD,Existing registry mapping
MATCHED,0000474,60294,Spencer Jones,NYY,OKyuCFbD,Spencer Jones,NYY,Existing registry mapping
MATCHED,0000475,9228,Jorge Soler,LAA,dJRHgAJW,Jorge Soler,LAA,Existing registry mapping
MATCHED,0000466,11768,Jeremy Pena,HOU,MzWE5LVi,Jeremy Peña,HOU,Existing registry mapping
MATCHED,0000476,60147,Jordan Beck,COL,laAVLOfZ,Jordan Beck,COL,Existing registry mapping
MATCHED,0000477,12499,Brandon Lockridge,MIL,C0AJBTi7,Brandon Lockridge,MIL,Existing registry mapping
MATCHED,0000478,10826,Austin Hays,CWS,YIcLpqTD,Austin Hays,CWS,Existing registry mapping
MATCHED,0000479,10765,Luis Robert Jr.,NYM,zEILZWOT,Luis Robert Jr.,NYM,Existing registry mapping
MATCHED,0000480,60057,Deyvison De Los Santos,MIA,bfBYCNeb,Deyvison De Los Santos,MIA,Existing registry mapping
MATCHED,0000481,64391,Kyle DeBarge,MIN,VLO9nymU,Kyle DeBarge,MIN,Existing registry mapping
MATCHED,0000482,64359,PJ Morlando,MIA,nvLN2dmU,PJ Morlando,MIA,Existing registry mapping
MATCHED,0000483,65876,Elian Pena,NYM,jywav4vY,Elian Pena,NYM,Existing registry mapping
MATCHED,0000484,66446,Yorger Bautista,SEA,7Mjhn2pd,Yorger Bautista,SEA,Existing registry mapping
MATCHED,0000485,65887,Mitch Voit,NYM,d6Ia8JR2,Mitch Voit,NYM,Existing registry mapping
MATCHED,0000486,8652,Martin Perez,ATL,fQtmup31,Martín Pérez,ATL,Existing registry mapping
MATCHED,0000487,9124,Zack Wheeler,PHI,uIYRTMph,Zack Wheeler,PHI,Existing registry mapping
MATCHED,0000488,9459,Sonny Gray,BOS,NRl_lDmG,Sonny Gray,BOS,Existing registry mapping
MATCHED,0000489,11117,Ranger Suarez,BOS,dFhAAVNn,Ranger Suárez,BOS,Existing registry mapping
MATCHED,0000491,11453,Rico Garcia,BAL,AK9p185T,Rico Garcia,BAL,Existing registry mapping
MATCHED,0000494,64992,Bradgley Rodriguez,SD,3knQnh2C,Bradgley Rodriguez,SD,Existing registry mapping
MATCHED,0000495,10901,Dennis Santana,PIT,uODlY6Fq,Dennis Santana,PIT,Existing registry mapping
MATCHED,0000496,60427,Kumar Rocker,TEX,QLYxVmaJ,Kumar Rocker,TEX,Existing registry mapping
MATCHED,0000497,60071,JR Ritchie,ATL,5_97kvao,J.R. Ritchie,ATL,Existing registry mapping
MATCHED,0000499,10986,Tim Hill,NYY,UxCJjWN8,Tim Hill,NYY,Existing registry mapping
MATCHED,0000500,66156,Anthony Nunez,BAL,uQsc4CrW,Anthony Nunez,BAL,Existing registry mapping
MATCHED,0000501,10047,Shawn Armstrong,CLE,t2uFf8P1,Shawn Armstrong,CLE,Existing registry mapping
MATCHED,0000490,63484,Kai-Wei Teng,HOU,jVmbzavK,Kai-Wei Teng,HOU,Existing registry mapping
MATCHED,0000493,10850,Jalen Beeks,TEX,aGUjkY-9,Jalen Beeks,TEX,Existing registry mapping
MATCHED,0000492,10494,Jakob Junis,TEX,DW-VwVL5,Jakob Junis,TEX,Existing registry mapping
MATCHED,0000502,10548,A.J. Puk,AZ,LjHUikSo,A.J. Puk,AZ,Existing registry mapping
MATCHED,0000498,11689,Luis Gil,NYY,XmVpkWup,Luis Gil,NYY,Existing registry mapping
MATCHED,0000503,64351,Ben Hess,NYY,jGY7Ljjt,Ben Hess,NYY,Existing registry mapping
MATCHED,0000504,62946,Cade Kuehler,ATL,NO4S1zyQ,Cade Kuehler,ATL,Existing registry mapping
MATCHED,0000505,65788,Marcus Phillips,BOS,ZsVLleTp,Marcus Phillips,BOS,Existing registry mapping
MATCHED,0000506,11728,Shea Langeliers,ATH,kwiK9k8W,Shea Langeliers,ATH,Existing registry mapping
MATCHED,0000515,11886,Ezequiel Duran,TEX,lwPhAaCY,Ezequiel Duran,TEX,Existing registry mapping
MATCHED,0000508,60580,Cole Young,SEA,BB_tsmXY,Cole Young,SEA,Existing registry mapping
MATCHED,0000522,66369,Munetaka Murakami,CWS,n3i4Ro0W,Munetaka Murakami,CWS,Existing registry mapping
MATCHED,0000510,60214,Zach Neto,LAA,ZjWKeL7k,Zach Neto,LAA,Existing registry mapping
MATCHED,0000509,10868,Willi Castro,COL,XCrY1COW,Willi Castro,COL,Existing registry mapping
MATCHED,0000513,12148,Andy Pages,LAD,ImoLyQ8z,Andy Pages,LAD,Existing registry mapping
MATCHED,0000514,11529,Noelvi Marte,CIN,FIwciqBI,Noelvi Marte,CIN,Existing registry mapping
MATCHED,0000516,10899,Keibert Ruiz,WSH,k04_3nwx,Keibert Ruiz,WSH,Existing registry mapping
MATCHED,0000512,62971,Dylan Crews,WSH,KARXS4CS,Dylan Crews,WSH,Existing registry mapping
MATCHED,0000518,12470,Joe Mack,MIA,cCywVzIT,Joe Mack,MIA,Existing registry mapping
MATCHED,0000511,11118,Jeff McNeil,ATH,g19CJhz-,Jeff McNeil,ATH,Existing registry mapping
MATCHED,0000517,10233,Amed Rosario,NYY,jekGCphm,Amed Rosario,NYY,Existing registry mapping
MATCHED,0000507,62945,LuJames Groover,AZ,qIOSE5pg,Gino Groover,AZ,Existing registry mapping
MATCHED,0000519,11809,Anthony Volpe,NYY,23OZF2Cj,Anthony Volpe,NYY,Existing registry mapping
MATCHED,0000528,60055,Druw Jones,AZ,WnEBWb_J,Druw Jones,AZ,Existing registry mapping
MATCHED,0000521,11124,Ramon Laureano,SD,WuIFeTOo,Ramón Laureano,SD,Existing registry mapping
MATCHED,0000523,66399,Nate George,BAL,rRv1mdDe,Nate George,BAL,Existing registry mapping
MATCHED,0000524,63580,Thayron Liranzo,DET,_fxGGD8a,Thayron Liranzo,DET,Existing registry mapping
MATCHED,0000525,64341,Malcolm Moore,TEX,GUnQAnVi,Malcolm Moore,TEX,Existing registry mapping
MATCHED,0000526,60185,Ryan Clifford,NYM,y8mzImLF,Ryan Clifford,NYM,Existing registry mapping
MATCHED,0000527,64310,Charlie Condon,COL,FnGaoNTB,Charlie Condon,COL,Existing registry mapping
MATCHED,0000529,65736,Gavin Kilen,SF,sm590nQp,Gavin Kilen,SF,Existing registry mapping
MATCHED,0000530,65732,Marek Houston,MIN,smiWB5mq,Marek Houston,MIN,Existing registry mapping
MATCHED,0000531,12606,Tyler Holton,DET,QaZn27U9,Tyler Holton,DET,Existing registry mapping
MATCHED,0000532,60254,Jacob Misiorowski,MIL,XxtW4Fvu,Jacob Misiorowski,MIL,Existing registry mapping
MATCHED,0000533,12516,Bubba Chandler,PIT,xgk0MNdU,Bubba Chandler,PIT,Existing registry mapping
MATCHED,0000534,64320,Trey Yesavage,TOR,zE44Zvag,Trey Yesavage,TOR,Existing registry mapping
MATCHED,0000544,10573,Cal Quantrill,TEX,ShaXQCUT,Cal Quantrill,TEX,Existing registry mapping
MATCHED,0000536,11644,Tyler Rogers,TOR,YH_ZaoS1,Tyler Rogers,TOR,Existing registry mapping
MATCHED,0000537,10882,Gregory Soto,PIT,wanlnsMP,Gregory Soto,PIT,Existing registry mapping
MATCHED,0000538,11044,Jonathan Loaisiga,AZ,16ypZh52,Jonathan Loaisiga,AZ,Existing registry mapping
MATCHED,0000541,12614,Yennier Cano,BAL,r0zMde-n,Yennier Cano,BAL,Existing registry mapping
MATCHED,0000678,10659,Lucas Erceg,KC,I3LDQ3zx,Lucas Erceg,KC,Existing registry mapping
MATCHED,0000540,64014,Bryan King,HOU,FEkvfUQ0,Bryan King,HOU,Existing registry mapping
NO_MATCH,,63444,Yovanny Cruz,NYY,,,,No HKB player found
MATCHED,0000543,12630,Jared Koenig,MIL,QCc0fjBX,Jared Koenig,MIL,Existing registry mapping
MATCHED,0000535,11750,Nick Lodolo,CIN,ouNqtmDH,Nick Lodolo,CIN,Existing registry mapping
MATCHED,0000542,12059,John King,MIA,SDsHUd5C,John King,MIA,Existing registry mapping
MATCHED,0000545,9599,Steven Matz,TB,ft-hq-2p,Steven Matz,TB,Existing registry mapping
MATCHED,0000546,11774,Jack Kochanowicz,LAA,_PX54d7l,Jack Kochanowicz,LAA,Existing registry mapping
MATCHED,0000547,60281,Mike Vasil,CWS,steIxYzy,Mike Vasil,CWS,Existing registry mapping
MATCHED,0000548,12036,Ryan Pepiot,TB,uyk5EaIv,Ryan Pepiot,TB,Existing registry mapping
MATCHED,0000549,12422,Jackson Jobe,DET,qAYlENJW,Jackson Jobe,DET,Existing registry mapping
MATCHED,0000550,11699,Manuel Rodriguez,TB,tDH-NVIP,Manuel Rodriguez,TB,Existing registry mapping
MATCHED,0000551,60350,Jairo Iriarte,CWS,YNvkqIQI,Jairo Iriarte,CWS,Existing registry mapping
MATCHED,0000552,65791,J.D. Thompson,MIL,8jDSU3Ml,J.D. Thompson,MIL,Existing registry mapping
MATCHED,0000569,11794,Ryan Jeffers,MIN,Id_vQ7hk,Ryan Jeffers,MIN,Existing registry mapping
MATCHED,0000561,8967,Paul Goldschmidt,NYY,ViRUin5O,Paul Goldschmidt,NYY,Existing registry mapping
MATCHED,0000565,11448,Brayan Rocchio,CLE,4V3OjmjX,Brayan Rocchio,CLE,Existing registry mapping
MATCHED,0000555,12124,Blaze Jordan,STL,p-dHqL9n,Blaze Jordan,STL,Existing registry mapping
MATCHED,0000563,12393,Elly De La Cruz,CIN,7CSkljUr,Elly De La Cruz,CIN,Existing registry mapping
MATCHED,0000567,10215,Tyler O'Neill,BAL,BnSs7-hJ,Tyler O'Neill,BAL,Existing registry mapping
MATCHED,0000558,12730,Ceddanne Rafaela,BOS,kdsnarYW,Ceddanne Rafaela,BOS,Existing registry mapping
MATCHED,0000559,12557,Heriberto Hernandez,MIA,YzffKWuM,Heriberto Hernandez,MIA,Existing registry mapping
MATCHED,0000560,12056,Michael Harris II,ATL,pvvbGRpt,Michael Harris II,ATL,Existing registry mapping
MATCHED,0000566,9385,Marcell Ozuna,PIT,hl_qTzxP,Marcell Ozuna,PIT,Existing registry mapping
MATCHED,0000553,10879,Gavin Sheets,SD,vhOu8CP9,Gavin Sheets,SD,Existing registry mapping
MATCHED,0000556,11891,Taylor Walls,TB,CAIsjjfp,Taylor Walls,TB,Existing registry mapping
MATCHED,0000564,9883,Josh Bell,MIN,4acgGy94,Josh Bell,MIN,Existing registry mapping
MATCHED,0000554,60776,Jose Caballero,NYY,0qY4Fr0p,José Caballero,NYY,Existing registry mapping
MATCHED,0000562,12454,Denzer Guzman,LAA,PhZO4EQs,Denzer Guzman,LAA,Existing registry mapping
MATCHED,0000568,11370,Oneil Cruz,PIT,vIf0ld_9,Oneil Cruz,PIT,Existing registry mapping
MATCHED,0000570,9573,Carlos Correa,HOU,-a5WW8SF,Carlos Correa,HOU,Existing registry mapping
MATCHED,0000571,12351,Brendan Donovan,SEA,hbryZ_0k,Brendan Donovan,SEA,Existing registry mapping
MATCHED,0000572,10591,Harrison Bader,SF,ccJ8ViVp,Harrison Bader,SF,Existing registry mapping
MATCHED,0000557,10544,Miguel Andujar,SD,2F86z9Go,Miguel Andujar,SD,Existing registry mapping
MATCHED,0000573,12589,Joey Wiemer,WSH,sir-Ag0i,Joey Wiemer,WSH,Existing registry mapping
MATCHED,0000574,64334,Walker Janek,HOU,bJHAgp1V,Walker Janek,HOU,Existing registry mapping
MATCHED,0000575,62959,Yohandy Morales,WSH,llGqCGnQ,Yohandy Morales,WSH,Existing registry mapping
MATCHED,0000576,64319,Bryce Rainer,DET,BtBjlD6T,Bryce Rainer,DET,Existing registry mapping
MATCHED,0000577,65780,Charles Davalan,LAD,F2uHIwud,Charles Davalan,LAD,Existing registry mapping
MATCHED,0000578,12133,Zac Veen,COL,4tb751Sn,Zac Veen,COL,Existing registry mapping
MATCHED,0000579,12556,Carson Williams,TB,ZQTOCYg0,Carson Williams,TB,Existing registry mapping
MATCHED,0000580,8780,Chris Sale,ATL,cm3i2kSH,Chris Sale,ATL,Existing registry mapping
MATCHED,0000594,11763,Tarik Skubal,DET,iTi0KaMv,Tarik Skubal,DET,Existing registry mapping
MATCHED,0000582,10867,Shane Bieber,TOR,YRJtMK2F,Shane Bieber,TOR,Existing registry mapping
MATCHED,0000592,10514,Luis Castillo,SEA,6rGsf9-M,Luis Castillo,SEA,Existing registry mapping
MATCHED,0000581,12658,Huascar Brazoban,NYM,6s2KwAWY,Huascar Brazoban,NYM,Existing registry mapping
MATCHED,0000590,12114,Tyler Wells,BAL,O7LCsvm4,Tyler Wells,BAL,Existing registry mapping
MATCHED,0000591,9868,Sean Newcomb,CWS,yo33AfSm,Sean Newcomb,CWS,Existing registry mapping
MATCHED,0000586,12158,J.T. Ginn,ATH,qqoaB_Xo,J.T. Ginn,ATH,Existing registry mapping
MATCHED,0000587,12616,Colin Holderman,CLE,ZdgxTrj5,Colin Holderman,CLE,Existing registry mapping
MATCHED,0000588,10217,Luke Weaver,NYM,AGYNQhPm,Luke Weaver,NYM,Existing registry mapping
MATCHED,0000589,10467,Peter Lambert,HOU,2jRRxIpl,Peter Lambert,HOU,Existing registry mapping
MATCHED,0000584,10894,Griffin Canning,SD,aeg3vbWR,Griffin Canning,SD,Existing registry mapping
MATCHED,0000583,64985,Cam Schlittler,NYY,MumsuJ0n,Cam Schlittler,NYY,Existing registry mapping
MATCHED,0000593,62972,Paul Skenes,PIT,jlWywUPe,Paul Skenes,PIT,Existing registry mapping
MATCHED,0000596,12590,Ronel Blanco,HOU,VHn863gK,Ronel Blanco,HOU,Existing registry mapping
MATCHED,0000595,11009,Jason Adam,SD,CGfKayIr,Jason Adam,SD,Existing registry mapping
MATCHED,0000597,10683,Nick Pivetta,SD,T1RSIoCh,Nick Pivetta,SD,Existing registry mapping
MATCHED,0000598,64342,Bryce Cunningham,NYY,jExxNG3E,Bryce Cunningham,NYY,Existing registry mapping
MATCHED,0000599,65737,Tyler Bremner,LAA,ORotepaw,Tyler Bremner,LAA,Existing registry mapping
MATCHED,0000600,65755,Patrick Forbes,AZ,7C2CIip0,Patrick Forbes,AZ,Existing registry mapping
MATCHED,0000601,12514,Henry Davis,PIT,32wtzBOh,Henry Davis,PIT,Existing registry mapping
MATCHED,0000602,9595,Dominic Smith,ATL,Ui2rPHaL,Dominic Smith,ATL,Existing registry mapping
MATCHED,0000612,11747,Tyler Callihan,PIT,I0pjl8DQ,Tyler Callihan,PIT,Existing registry mapping
MATCHED,0000604,11700,Zach McKinstry,DET,t0kK9Tj7,Zach McKinstry,DET,Existing registry mapping
MATCHED,0000605,12534,Edwin Arroyo,CIN,u4OGPBH0,Edwin Arroyo,CIN,Existing registry mapping
MATCHED,0000616,62973,Wyatt Langford,TEX,bkH5FFIj,Wyatt Langford,TEX,Existing registry mapping
MATCHED,0000607,60138,Chase DeLauter,CLE,O6hcs_pL,Chase DeLauter,CLE,Existing registry mapping
MATCHED,0000610,64329,Carson Benge,NYM,wCpHU0Jo,Carson Benge,NYM,Existing registry mapping
MATCHED,0000609,60061,Dominic Canzone,SEA,pOth0iKh,Dominic Canzone,SEA,Existing registry mapping
MATCHED,0000611,10877,Jake Burger,TEX,SHCHBL4t,Jake Burger,TEX,Existing registry mapping
MATCHED,0000603,11309,Kody Clemens,MIN,1UwevZDy,Kody Clemens,MIN,Existing registry mapping
MATCHED,0000606,10875,Ryan Vilade,TB,HFsQWtAf,Ryan Vilade,TB,Existing registry mapping
MATCHED,0000608,11347,Trevor Larnach,MIN,0U3bF2es,Trevor Larnach,MIN,Existing registry mapping
MATCHED,0000613,60170,Jace Jung,DET,iugbfipC,Jace Jung,DET,Existing registry mapping
MATCHED,0000614,62758,CJ Kayfus,CLE,vaOWLClo,C.J. Kayfus,CLE,Existing registry mapping
MATCHED,0000617,12741,Addison Barger,TOR,S9Byvj3l,Addison Barger,TOR,Existing registry mapping
MATCHED,0000618,9557,Javier Baez,DET,4kvkfI-q,Javier Báez,DET,Existing registry mapping
MATCHED,0000619,12478,Tyler Black,MIL,jzwV43Ar,Tyler Black,MIL,Existing registry mapping
MATCHED,0000620,63538,Jefferson Rojas,CHC,zifpQaj7,Jefferson Rojas,CHC,Existing registry mapping
MATCHED,0000621,62978,Arjun Nimmala,TOR,PYcZnd2y,Arjun Nimmala,TOR,Existing registry mapping
MATCHED,0000622,65750,Gavin Fien,WSH,vcAgfOOL,Gavin Fien,WSH,Existing registry mapping
MATCHED,0000623,65743,Devin Taylor,ATH,swc3lYyn,Devin Taylor,ATH,Existing registry mapping
MATCHED,0000624,65738,Daniel Pierce,TB,kBT3oxzh,Daniel Pierce,TB,Existing registry mapping
MATCHED,0000625,9168,Patrick Corbin,TOR,u1Jo26X4,Patrick Corbin,TOR,Existing registry mapping
MATCHED,0000635,10444,Bryan Hudson,CWS,aGcdeonU,Bryan Hudson,CWS,Existing registry mapping
MATCHED,0000636,12169,Carmen Mlodzinski,PIT,kbtX0KOq,Carmen Mlodzinski,PIT,Existing registry mapping
MATCHED,0000626,11397,Matthew Liberatore,STL,sR5CohxE,Matthew Liberatore,STL,Existing registry mapping
MATCHED,0000627,66492,Tatsuya Imai,HOU,0STkbSzT,Tatsuya Imai,HOU,Existing registry mapping
MATCHED,0000632,10985,Tyler Kinley,ATL,fHTZEB-i,Tyler Kinley,ATL,Existing registry mapping
MATCHED,0000633,10145,Tyron Guerrero,BOS,FO73D0mG,Tyron Guerrero,BOS,Existing registry mapping
MATCHED,0000631,11597,Pete Fairbanks,MIA,kKjpvhMR,Pete Fairbanks,MIA,Existing registry mapping
MATCHED,0000637,63091,Erik Sabrowski,CLE,iL7TH9oT,Erik Sabrowski,CLE,Existing registry mapping
MATCHED,0000634,12387,Caleb Kilian,SF,tU1qwLhV,Caleb Kilian,SF,Existing registry mapping
MATCHED,0000630,10176,Antonio Senzatela,COL,vOgHcMJZ,Antonio Senzatela,COL,Existing registry mapping
MATCHED,0000628,12523,Robert Gasser,MIL,8ZZGtGIS,Robert Gasser,MIL,Existing registry mapping
MATCHED,0000343,60907,Jared Jones,PIT,EAONk8Sh,Jared Jones,PIT,Existing registry mapping
MATCHED,0000638,60175,Troy Melton,DET,By8VOWW0,Troy Melton,DET,Existing registry mapping
MATCHED,0000629,63577,River Ryan,LAD,dnhkn7Nv,River Ryan,LAD,Existing registry mapping
MATCHED,0000639,12110,Will Vest,DET,YwjwkOJj,Will Vest,DET,Existing registry mapping
MATCHED,0000640,11838,Johan Oviedo,BOS,prQxYVBm,Johan Oviedo,BOS,Existing registry mapping
MATCHED,0000641,10526,Cody Ponce,TOR,fRcMWBiP,Cody Ponce,TOR,Existing registry mapping
MATCHED,0000642,60269,David Festa,MIN,hGwIUz38,David Festa,MIN,Existing registry mapping
MATCHED,0000643,12166,Mick Abel,MIN,uuW95lFy,Mick Abel,MIN,Existing registry mapping
MATCHED,0000644,64346,Braylon Doughty,CLE,nI3jRKX7,Braylon Doughty,CLE,Existing registry mapping
MATCHED,0000645,64315,Hagen Smith,CWS,rZeADWc2,Hagen Smith,CWS,Existing registry mapping
MATCHED,0000646,62986,Thomas White,MIA,5BOW3a2a,Thomas White,MIA,Existing registry mapping
MATCHED,0000647,65775,AJ Russell,TEX,JlfNhnUc,AJ Russell,TEX,Existing registry mapping
MATCHED,0000648,62137,Ben Rice,NYY,tnK0MWh5,Ben Rice,NYY,Existing registry mapping
MATCHED,0000649,10166,Willson Contreras,BOS,6l_IiphY,Willson Contreras,BOS,Existing registry mapping
MATCHED,0000650,11343,Brice Turang,MIL,1NMmRfnS,Brice Turang,MIL,Existing registry mapping
MATCHED,0000651,9606,Max Muncy,LAD,kW9PCOVh,Max Muncy,LAD,Existing registry mapping
MATCHED,0000652,10056,Trea Turner,PHI,xBQT-Lta,Trea Turner,PHI,Existing registry mapping
MATCHED,0000659,11735,Jarren Duran,BOS,rwWUB5IO,Jarren Duran,BOS,Existing registry mapping
MATCHED,0000059,11104,Randy Arozarena,SEA,TowmN01T,Randy Arozarena,SEA,Existing registry mapping
MATCHED,0000655,10504,Cody Bellinger,NYY,ZiG9QxMT,Cody Bellinger,NYY,Existing registry mapping
MATCHED,0000654,11596,Tommy Edman,LAD,2FuE6kpt,Tommy Edman,LAD,Existing registry mapping
MATCHED,0000657,9339,George Springer,TOR,mYVVQBtE,George Springer,TOR,Existing registry mapping
MATCHED,0000660,62119,Jakob Marsee,MIA,RiEs4jVj,Jakob Marsee,MIA,Existing registry mapping
MATCHED,0000653,12657,Michael Massey,KC,9sgskULN,Michael Massey,KC,Existing registry mapping
MATCHED,0000656,63648,Liam Hicks,MIA,6E0LkzYu,Liam Hicks,MIA,Existing registry mapping
MATCHED,0000658,11378,Esteury Ruiz,MIA,ixw8IViz,Esteury Ruiz,MIA,Existing registry mapping
MATCHED,0000664,60131,Christian Encarnacion-Strand,BAL,uyMxkWd4,Christian Encarnacion-Strand,BAL,Existing registry mapping
MATCHED,0000662,10205,Matt Chapman,SF,XrFKqRZh,Matt Chapman,SF,Existing registry mapping
MATCHED,0000663,9877,Aaron Judge,NYY,q1gmmLSs,Aaron Judge,NYY,Existing registry mapping
MATCHED,0000661,62882,Cooper Ingle,CLE,KBCDSMMM,Cooper Ingle,CLE,Existing registry mapping
MATCHED,0000666,63189,Jonathon Long,CHC,iOuBt5X2,Jonathon Long,CHC,Existing registry mapping
MATCHED,0000667,62225,Ethan Salas,SD,CSZ3XjPB,Ethan Salas,SD,Existing registry mapping
MATCHED,0000668,65000,Bo Davidson,SF,pqEydA68,Bo Davidson,SF,Existing registry mapping
MATCHED,0000669,65811,Kane Kepley,CHC,UBHBSwvR,Kane Kepley,CHC,Existing registry mapping
MATCHED,0000670,66490,Raudi Rodriguez,LAA,2V7mTJNd,Raudi Rodriguez,LAA,Existing registry mapping
MATCHED,0000681,11661,Michael King,SD,twJdmDiL,Michael King,SD,Existing registry mapping
MATCHED,0000672,63581,Justin Wrobleski,LAD,GDH8iiOG,Justin Wrobleski,LAD,Existing registry mapping
MATCHED,0000683,60223,Walbert Urena,LAA,M883GO5r,Walbert Urena,LAA,Existing registry mapping
MATCHED,0000673,65029,Spencer Miles,TOR,Y8VUI79L,Spencer Miles,TOR,Existing registry mapping
MATCHED,0000675,11251,Merrill Kelly,AZ,aWI5oZ4O,Merrill Kelly,AZ,Existing registry mapping
MATCHED,0000676,11806,Yoendrys Gomez,MIN,x8xY4xiZ,Yoendrys Gomez,MIN,Existing registry mapping
MATCHED,0000677,11920,Alex Vesia,LAD,IOtaK6eK,Alex Vesia,LAD,Existing registry mapping
MATCHED,0000679,11998,Bryan Baker,TB,tcLPiQxw,Bryan Baker,TB,Existing registry mapping
MATCHED,0000680,12092,Eduard Bazardo,SEA,DxelDQj6,Eduard Bazardo,SEA,Existing registry mapping
MATCHED,0000937,12737,Keaton Winn,SF,YkZvxl2b,Keaton Winn,SF,Existing registry mapping
MATCHED,0000671,10152,Reynaldo Lopez,ATL,VwBd0YFi,Reynaldo López,ATL,Existing registry mapping
MATCHED,0000685,9123,Jameson Taillon,CHC,ZuiXD4gk,Jameson Taillon,CHC,Existing registry mapping
MATCHED,0000695,60430,Mitch Bratt,AZ,j2Emc5Wj,Mitch Bratt,AZ,Existing registry mapping
MATCHED,0000674,9691,Robbie Ray,SF,aJIA_EXs,Robbie Ray,SF,Existing registry mapping
MATCHED,0000693,11478,Patrick Sandoval,BOS,viF46bho,Patrick Sandoval,BOS,Existing registry mapping
MATCHED,0000684,10423,Michael Soroka,AZ,5DeOXx9P,Michael Soroka,AZ,Existing registry mapping
MATCHED,0000686,9799,Chris Bassitt,BAL,9XhnfDpB,Chris Bassitt,BAL,Existing registry mapping
MATCHED,0000688,11560,Jake Irvin,WSH,21qIQEKH,Jake Irvin,WSH,Existing registry mapping
MATCHED,0000689,11263,Yusei Kikuchi,LAA,PXgnZN-b,Yusei Kikuchi,LAA,Existing registry mapping
MATCHED,0000690,11431,Kutter Crawford,BOS,-xH5e97G,Kutter Crawford,BOS,Existing registry mapping
MATCHED,0000691,11820,Quinn Priester,MIL,kfLwyh65,Quinn Priester,MIL,Existing registry mapping
MATCHED,0000692,11057,Pablo Lopez,MIN,OYUlg7Vg,Pablo López,MIN,Existing registry mapping
MATCHED,0000694,9879,Luis Severino,ATH,wrQEre-G,Luis Severino,ATH,Existing registry mapping
MATCHED,0000682,60645,Stephen Kolek,KC,DavIPvLf,Stephen Kolek,KC,Existing registry mapping
MATCHED,0000696,64345,David Shields,KC,GIOhx3Yn,David Shields,KC,Existing registry mapping
MATCHED,0000697,66456,Gage Stanifer,TOR,d2YbelPq,Gage Stanifer,TOR,Existing registry mapping
MATCHED,0000698,9015,Salvador Perez,KC,Fcqv--YU,Salvador Perez,KC,Existing registry mapping
MATCHED,0000707,10465,Yandy Diaz,TB,bV5mKJRK,Yandy Díaz,TB,Existing registry mapping
MATCHED,0000700,60266,Brooks Lee,MIN,a-KkYv28,Brooks Lee,MIN,Existing registry mapping
MATCHED,0000701,9111,Manny Machado,SD,t0VoMhik,Manny Machado,SD,Existing registry mapping
MATCHED,0000702,9893,Willy Adames,SF,loiU8qM_,Willy Adames,SF,Existing registry mapping
MATCHED,0000938,12700,Jared Young,NYM,OEYPhlkv,Jared Young,NYM,Existing registry mapping
MATCHED,0000704,12522,Jackson Merrill,SD,B_QWhEvg,Jackson Merrill,SD,Existing registry mapping
MATCHED,0000703,11265,Jake McCarthy,COL,vm83SBym,Jake McCarthy,COL,Existing registry mapping
MATCHED,0000699,61787,TJ Rumfield,COL,nunVWnQ0,T.J. Rumfield,COL,Existing registry mapping
MATCHED,0000706,10183,Alex Bregman,CHC,IHz2pH3D,Alex Bregman,CHC,Existing registry mapping
MATCHED,0000705,9866,Derek Hill,PHI,4HnJSqzv,Derek Hill,PHI,Existing registry mapping
MATCHED,0000709,11878,Luisangel Acuna,CWS,mcBRB5eO,Luisangel Acuña,CWS,Existing registry mapping
MATCHED,0000715,12532,Harry Ford,WSH,CihgeB1I,Harry Ford,WSH,Existing registry mapping
MATCHED,0000520,12763,Masataka Yoshida,BOS,W3BSEetr,Masataka Yoshida,BOS,Existing registry mapping
SUGGESTED_MATCH,,65774,Alex Lodise,ATL,rER4cZwO,Alex Lodise,ATL,Name/team match. Awaiting registry approval
MATCHED,0000708,11732,Adley Rutschman,BAL,iVfJD0m1,Adley Rutschman,BAL,Existing registry mapping
MATCHED,0000712,10917,Brent Rooker,ATH,O3ozHJ3B,Brent Rooker,ATH,Existing registry mapping
MATCHED,0000713,11127,Adolis Garcia,PHI,zCnLCsnk,Adolis García,PHI,Existing registry mapping
MATCHED,0000714,8634,Giancarlo Stanton,NYY,w55MDXyv,Giancarlo Stanton,NYY,Existing registry mapping
MATCHED,0000952,64629,Ronny Cruz,WSH,gQHMqMnP,Ronny Cruz,WSH,Existing registry mapping
MATCHED,0000716,63615,Starlyn Caba,MIA,l8xaYxH0,Starlyn Caba,MIA,Existing registry mapping
MATCHED,0000717,64352,Tyson Lewis,CIN,i5H0ngpM,Tyson Lewis,CIN,Existing registry mapping
MATCHED,0000718,64360,Jared Thomas,COL,LC2yT2l8,Jared Thomas,COL,Existing registry mapping
MATCHED,0000719,64328,Slade Caldwell,AZ,Fe7HZVbP,Slade Caldwell,AZ,Existing registry mapping
MATCHED,0000720,65725,Aiva Arquette,MIA,z1KwgSaE,Aiva Arquette,MIA,Existing registry mapping
MATCHED,0000721,65726,Billy Carlson,CWS,XpvwkPRW,Billy Carlson,CWS,Existing registry mapping
MATCHED,0000722,62858,Kemp Alderman,MIA,qBBUNCPg,Kemp Alderman,MIA,Existing registry mapping
MATCHED,0000939,65898,Ethan Frey,HOU,NMtF06LY,Ethan Frey,HOU,Existing registry mapping
MATCHED,0000723,11381,Logan Gilbert,SEA,5sdFhmHQ,Logan Gilbert,SEA,Existing registry mapping
MATCHED,0000724,9651,Nick Martinez,TB,e6r5GWnD,Nick Martinez,TB,Existing registry mapping
MATCHED,0000725,11988,Emerson Hancock,SEA,g90DaCwa,Emerson Hancock,SEA,Existing registry mapping
MATCHED,0000726,10509,Walker Buehler,SD,dZCBUgBf,Walker Buehler,SD,Existing registry mapping
MATCHED,0000953,60145,Gabriel Hughes,COL,Ni1xn7v5,Gabriel Hughes,COL,Existing registry mapping
MATCHED,0000728,12665,Hunter Gaddis,CLE,i1geRi2E,Hunter Gaddis,CLE,Existing registry mapping
MATCHED,0000729,10131,Josh Hader,HOU,PjJyZRSl,Josh Hader,HOU,Existing registry mapping
MATCHED,0000731,64030,Brandyn Garcia,AZ,H5rouNCj,Brandyn Garcia,AZ,Existing registry mapping
NO_MATCH,,12756,Tom Cosgrove,WSH,,,,No HKB player found
MATCHED,0000732,12690,Fernando Cruz,NYY,HA_igEU4,Fernando Cruz,NYY,Existing registry mapping
MATCHED,0000727,9863,Kyle Freeland,COL,aibm-dnO,Kyle Freeland,COL,Existing registry mapping
MATCHED,0000736,12333,JP Sears,SD,0msC-z0d,JP Sears,SD,Existing registry mapping
MATCHED,0000734,64367,Ryan Johnson,LAA,Im2GsCID,Ryan Johnson,LAA,Existing registry mapping
MATCHED,0000733,64813,Brandon Young,BAL,xE0sTzbt,Brandon Young,BAL,Existing registry mapping
MATCHED,0000735,12265,Ryan Feltner,COL,f0UWPWkA,Ryan Feltner,COL,Existing registry mapping
MATCHED,0000738,10864,Tony Santillan,CIN,1ZspOxJV,Tony Santillan,CIN,Existing registry mapping
MATCHED,0000739,12354,Robert Suarez,ATL,ouchuBSb,Robert Suarez,ATL,Existing registry mapping
MATCHED,0000740,10569,Clay Holmes,NYM,lH5wDvTo,Clay Holmes,NYM,Existing registry mapping
MATCHED,0000741,10610,Cole Ragans,KC,WvHK__8E,Cole Ragans,KC,Existing registry mapping
MATCHED,0000742,12156,Cole Sands,MIN,-j2Gkowy,Cole Sands,MIN,Existing registry mapping
MATCHED,0000743,10946,Ryan Helsley,BAL,ukOvzi6i,Ryan Helsley,BAL,Existing registry mapping
MATCHED,0000744,63190,Brody Hopkins,TB,8tqDXe4j,Brody Hopkins,TB,Existing registry mapping
MATCHED,0000746,12530,Brandon Valenzuela,TOR,n4YX5ABy,Brandon Valenzuela,TOR,Existing registry mapping
MATCHED,0000747,9605,Matt Olson,ATL,wUOMZU_L,Matt Olson,ATL,Existing registry mapping
MATCHED,0000748,12501,Max Muncy,ATH,ZtxqkzZV,Max Muncy,ATH,Existing registry mapping
MATCHED,0000749,10420,Austin Riley,ATL,mXEYFLGV,Austin Riley,ATL,Existing registry mapping
MATCHED,0000750,12413,Colson Montgomery,CWS,sMXrWwy0,Colson Montgomery,CWS,Existing registry mapping
MATCHED,0000756,64150,Esmerlyn Valdez,PIT,KHahdHRJ,Esmerlyn Valdez,PIT,Existing registry mapping
MATCHED,0000751,11782,JJ Bleday,CIN,JzKxO9jd,JJ Bleday,CIN,Existing registry mapping
MATCHED,0000753,10600,Jake Bauers,MIL,5yG2Zjdk,Jake Bauers,MIL,Existing registry mapping
MATCHED,0000754,11781,Miguel Vargas,CWS,HAgfs2QP,Miguel Vargas,CWS,Existing registry mapping
MATCHED,0000755,62957,Bryce Eldridge,SF,3GO1SV7m,Bryce Eldridge,SF,Existing registry mapping
SUGGESTED_MATCH,,60064,Tim Tawa,AZ,B9q5itoE,Tim Tawa,AZ,Name/team match. Awaiting registry approval
MATCHED,0000757,9414,Joc Pederson,TEX,pY2ypoBZ,Joc Pederson,TEX,Existing registry mapping
MATCHED,0000763,11802,Kevin Alcantara,CHC,LUVfP2iJ,Kevin Alcántara,CHC,Existing registry mapping
MATCHED,0000615,11348,Luke Raley,SEA,e6HRZHBW,Luke Raley,SEA,Existing registry mapping
MATCHED,0000761,11310,Parker Meadows,DET,GlvLlH3A,Parker Meadows,DET,Existing registry mapping
MATCHED,0000762,12400,Angel Martinez,CLE,O3N-reT-,Angel Martinez,CLE,Existing registry mapping
MATCHED,0000764,63633,Sebastian Walcott,TEX,F-HqqYTh,Sebastian Walcott,TEX,Existing registry mapping
MATCHED,0000765,60279,Jett Williams,MIL,wXCJTI-f,Jett Williams,MIL,Existing registry mapping
MATCHED,0000766,64967,Eduardo Quintero,LAD,bJbSPjuI,Eduardo Quintero,LAD,Existing registry mapping
MATCHED,0000767,65735,Kayson Cunningham,AZ,Dqq5Q3ey,Kayson Cunningham,AZ,Existing registry mapping
MATCHED,0000768,12539,Gabriel Gonzalez,MIN,QIs0EVJX,Gabriel Gonzalez,MIN,Existing registry mapping
MATCHED,0000781,63027,Grant Taylor,CWS,NtN4nNEk,Grant Taylor,CWS,Existing registry mapping
MATCHED,0000770,60650,Landen Roupp,SF,NH80Zs90,Landen Roupp,SF,Existing registry mapping
MATCHED,0000773,60292,Christian Scott,NYM,WaosWQFM,Christian Scott,NYM,Existing registry mapping
MATCHED,0000771,12549,Michael McGreevy,STL,bBUeLrth,Michael McGreevy,STL,Existing registry mapping
MATCHED,0000780,12682,Javier Assad,CHC,H5Hj-71Z,Javier Assad,CHC,Existing registry mapping
MATCHED,0000775,12505,Mason Miller,SD,ya2ZsUXP,Mason Miller,SD,Existing registry mapping
MATCHED,0000776,12768,Kevin Kelly,TB,akspmccI,Kevin Kelly,TB,Existing registry mapping
MATCHED,0000777,12014,Clayton Beeter,WSH,TCYHSWUq,Clayton Beeter,WSH,Existing registry mapping
MATCHED,0000822,9896,Jeff Hoffman,TOR,11nzTfDv,Jeff Hoffman,TOR,Existing registry mapping
MATCHED,0000783,60042,Parker Messick,CLE,lOC-J8KF,Parker Messick,CLE,Existing registry mapping
MATCHED,0000782,63017,Brandon Sproat,MIL,7B8q7GMI,Brandon Sproat,MIL,Existing registry mapping
MATCHED,0000779,12345,Kyle Bradish,BAL,7wRhRlzR,Kyle Bradish,BAL,Existing registry mapping
MATCHED,0000772,60295,Will Warren,NYY,aYJHAf3K,Will Warren,NYY,Existing registry mapping
MATCHED,0000778,11706,Cristopher Sanchez,PHI,cd6CbYEE,Cristopher Sánchez,PHI,Existing registry mapping
MATCHED,0000774,60056,Brandon Pfaadt,AZ,4iwAPmEI,Brandon Pfaadt,AZ,Existing registry mapping
MATCHED,0000769,11398,Shane McClanahan,TB,DGGdD6d6,Shane McClanahan,TB,Existing registry mapping
MATCHED,0000785,12278,Matt Brash,SEA,CEN2CGQ6,Matt Brash,SEA,Existing registry mapping
MATCHED,0000786,10926,Clarke Schmidt,NYY,LqnoxpoV,Clarke Schmidt,NYY,Existing registry mapping
MATCHED,0000788,60218,Ben Joyce,LAA,TXhoGBU_,Ben Joyce,LAA,Existing registry mapping
MATCHED,0000789,12194,Anthony Bender,MIA,WSZEYziq,Anthony Bender,MIA,Existing registry mapping
MATCHED,0000784,62958,Hurston Waldrep,ATL,638FcCN2,Hurston Waldrep,ATL,Existing registry mapping
MATCHED,0000790,65723,Jamie Arnold,ATH,Ys2i40yK,Jamie Arnold,ATH,Existing registry mapping
MATCHED,0000791,64978,Jonah Tong,NYM,PP4q5s9Q,Jonah Tong,NYM,Existing registry mapping
MATCHED,0000792,62806,Trey Gibson,BAL,ifS2GV5Z,Trey Gibson,BAL,Existing registry mapping
MATCHED,0000793,11531,Cal Raleigh,SEA,JMCYjjWv,Cal Raleigh,SEA,Existing registry mapping
MATCHED,0000794,11866,Andrew Vaughn,MIL,oVl6zDjA,Andrew Vaughn,MIL,Existing registry mapping
MATCHED,0000804,11125,Brandon Lowe,PIT,ACHmIPp1,Brandon Lowe,PIT,Existing registry mapping
MATCHED,0000803,12372,Coby Mayo,BAL,98slwEHk,Coby Mayo,BAL,Existing registry mapping
MATCHED,0000014,62982,Jacob Gonzalez,PIT,FYLyhdGP,Jacob Gonzalez,PIT,Existing registry mapping
MATCHED,0000798,60420,Chandler Simpson,TB,777cQgY1,Chandler Simpson,TB,Existing registry mapping
MATCHED,0000799,11722,Corbin Carroll,AZ,aCgcqEhy,Corbin Carroll,AZ,Existing registry mapping
MATCHED,0000795,10639,Fernando Tatis Jr.,SD,5pYiR06w,Fernando Tatis Jr.,SD,Existing registry mapping
MATCHED,0000801,63494,Jung Hoo Lee,SF,rp-NaT0m,Jung Hoo Lee,SF,Existing registry mapping
MATCHED,0000797,10234,Dansby Swanson,CHC,wes_Q6Xw,Dansby Swanson,CHC,Existing registry mapping
MATCHED,0000802,60317,Justin Crawford,PHI,Efi4rSxg,Justin Crawford,PHI,Existing registry mapping
MATCHED,0000806,64285,Pedro Ramirez,CHC,qKLgS6j0,Pedro Ramirez,CHC,Existing registry mapping
MATCHED,0000805,12011,Logan O'Hoppe,LAA,zteP5Ngz,Logan O'Hoppe,LAA,Existing registry mapping
MATCHED,0000807,12548,Joshua Baez,STL,NnIONXkf,Joshua Baez,STL,Existing registry mapping
MATCHED,0000808,63618,Eduardo Tait,MIN,Dn5QDGuq,Eduardo Tait,MIN,Existing registry mapping
MATCHED,0000901,64322,Seaver King,WSH,fq8XnYln,Seaver King,WSH,Existing registry mapping
MATCHED,0000956,64903,Hayden Alvarez,LAA,5npeOnf0,Hayden Alvarez,LAA,Existing registry mapping
MATCHED,0000800,12476,Sal Frelick,MIL,sOcplako,Sal Frelick,MIL,Existing registry mapping
MATCHED,0000796,11415,Blaze Alexander,BAL,-YnKLAXc,Blaze Alexander,BAL,Existing registry mapping
MATCHED,0000809,11292,Jonathan India,KC,EuhjDiaT,Jonathan India,KC,Existing registry mapping
MATCHED,0000810,10666,Anthony Santander,TOR,0OWAJbRZ,Anthony Santander,TOR,Existing registry mapping
MATCHED,0000811,10511,Gavin Lux,TB,80cNGQgX,Gavin Lux,TB,Existing registry mapping
MATCHED,0000812,66415,Kevin Alvarez,HOU,Lrh7tnnY,Kevin Alvarez,HOU,Existing registry mapping
MATCHED,0000813,60128,Cam Collier,CIN,3iJPLckQ,Cam Collier,CIN,Existing registry mapping
MATCHED,0000814,63537,Franklin Arias,BOS,aSbAVz3r,Franklin Arias,BOS,Existing registry mapping
MATCHED,0000815,63629,Felnin Celesten,SEA,MfjQ61is,Felnin Celesten,SEA,Existing registry mapping
MATCHED,0000816,64335,Theo Gillen,TB,kMUU2TqQ,Theo Gillen,TB,Existing registry mapping
MATCHED,0000817,11014,Freddy Peralta,NYM,ZIQmYfVO,Freddy Peralta,NYM,Existing registry mapping
MATCHED,0000819,63423,Yoshinobu Yamamoto,LAD,lZw-wQHC,Yoshinobu Yamamoto,LAD,Existing registry mapping
MATCHED,0000820,10627,Jesus Luzardo,PHI,42XnYoQD,Jesús Luzardo,PHI,Existing registry mapping
MATCHED,0000831,64895,Tomoyuki Sugano,COL,MFbhGqNw,Tomoyuki Sugano,COL,Existing registry mapping
MATCHED,0000826,10455,Tyler Mahle,SF,fopZ1Oo0,Tyler Mahle,SF,Existing registry mapping
MATCHED,0000818,11035,Zack Littell,WSH,aydRJG6u,Zack Littell,WSH,Existing registry mapping
MATCHED,0000823,11709,Kyle Finnegan,DET,WK1SBx7x,Kyle Finnegan,DET,Existing registry mapping
MATCHED,0000825,11253,Jordan Romano,COL,9QNSiOXN,Jordan Romano,COL,Existing registry mapping
MATCHED,0000827,63613,Luis Morales,ATH,drv3ljX2,Luis Morales,ATH,Existing registry mapping
MATCHED,0000828,62890,Alejandro Rosario,WSH,S3VJjIHS,Alejandro Rosario,WSH,Existing registry mapping
MATCHED,0000829,60488,Santiago Suarez,TB,VUNtLfw0,Santiago Suarez,TB,Existing registry mapping
MATCHED,0000943,63529,Luis De Leon,BAL,h4HJpq9M,Luis De Leon,BAL,Existing registry mapping
MATCHED,0000047,65322,Nestor German,BAL,ggulB3CK,Nestor German,BAL,Existing registry mapping
MATCHED,0000957,10660,Jordan Montgomery,TEX,j5VEjDlk,Jordan Montgomery,TEX,Existing registry mapping
MATCHED,0000787,60231,Gavin Stone,LAD,6GAUrK7c,Gavin Stone,LAD,Existing registry mapping
MATCHED,0000832,9872,Jose Berrios,TOR,BHXfbUhO,José Berríos,TOR,Existing registry mapping
MATCHED,0000833,63157,Caden Scarborough,TEX,pw2CzBTi,Caden Scarborough,TEX,Existing registry mapping
MATCHED,0000834,65845,Malachi Witherspoon,DET,9qONjxpN,Malachi Witherspoon,DET,Existing registry mapping
MATCHED,0000835,66426,Kevin Defrank,MIA,T57txKoc,Kevin Defrank,MIA,Existing registry mapping
MATCHED,0000836,60455,Jarlin Susana,WSH,dBR1WmJa,Jarlin Susana,WSH,Existing registry mapping
MATCHED,0000837,62992,Travis Sykora,WSH,g8n2XgxD,Travis Sykora,WSH,Existing registry mapping
MATCHED,0000838,60092,Samuel Basallo,BAL,MDr_7C0W,Samuel Basallo,BAL,Existing registry mapping
MATCHED,0000839,8658,Freddie Freeman,LAD,hwTCsaot,Freddie Freeman,LAD,Existing registry mapping
MATCHED,0000840,10036,Ketel Marte,AZ,cErjFC5Y,Ketel Marte,AZ,Existing registry mapping
MATCHED,0000841,11850,Josh Jung,TEX,vG43YYMY,Josh Jung,TEX,Existing registry mapping
MATCHED,0000842,9552,Mookie Betts,LAD,9oJwVX1I,Mookie Betts,LAD,Existing registry mapping
MATCHED,0000843,9320,Christian Yelich,MIL,MBHexIJw,Christian Yelich,MIL,Existing registry mapping
MATCHED,0000851,8861,Mike Trout,LAA,aYAz1hak,Mike Trout,LAA,Existing registry mapping
MATCHED,0000845,10626,Juan Soto,NYM,lv1ivS6b,Juan Soto,NYM,Existing registry mapping
MATCHED,0000355,1000001,Shohei Ohtani (Batter),LAD,seQYv10w,Shohei Ohtani,LAD,Existing registry mapping
MATCHED,0000846,64542,Sean Keys,TOR,xiahvkKf,Sean Keys,TOR,Existing registry mapping
MATCHED,0000849,10522,Trent Grisham,NYY,-2O788kh,Trent Grisham,NYY,Existing registry mapping
MATCHED,0000848,62953,Nolan Schanuel,LAA,8-pMkx0Y,Nolan Schanuel,LAA,Existing registry mapping
MATCHED,0000944,65500,Justin Gonzales,BOS,OH1Bl6Jr,Justin Gonzales,BOS,Existing registry mapping
MATCHED,0000847,12127,Owen Caissie,MIA,yJMCYPkC,Owen Caissie,MIA,Existing registry mapping
MATCHED,0000844,64318,Konnor Griffin,PIT,XQAIQ8Yr,Konnor Griffin,PIT,Existing registry mapping
MATCHED,0000850,9584,Corey Seager,TEX,RzCShWdC,Corey Seager,TEX,Existing registry mapping
MATCHED,0000852,10642,Will Smith,LAD,C8eAkI-V,Will Smith,LAD,Existing registry mapping
MATCHED,0000853,65766,Tate Southisene,ATL,YYETm8wd,Tate Southisene,ATL,Existing registry mapping
MATCHED,0000855,12487,Emmanuel Rodriguez,MIN,ZxZHEb7f,Emmanuel Rodriguez,MIN,Existing registry mapping
MATCHED,0000856,62997,George Lombard Jr.,NYY,HetDd4zw,George Lombard Jr.,NYY,Existing registry mapping
MATCHED,0000857,64370,Caleb Bonemer,CWS,CRG4ZrOT,Caleb Bonemer,CWS,Existing registry mapping
MATCHED,0000858,64568,Nathan Flewelling,TB,r3xIfwAi,Nathan Flewelling,TB,Existing registry mapping
MATCHED,0000861,10326,Seth Lugo,KC,9Jgwm8iB,Seth Lugo,KC,Existing registry mapping
MATCHED,0000862,63601,Zebby Matthews,MIN,YUTwY9mb,Zebby Matthews,MIN,Existing registry mapping
MATCHED,0000859,11847,Joe Ryan,MIN,Val7qhtM,Joe Ryan,MIN,Existing registry mapping
MATCHED,0000860,60156,Noah Schultz,CWS,5JCza0q_,Noah Schultz,CWS,Existing registry mapping
MATCHED,0000869,9007,Nathan Eovaldi,TEX,10sN8wIw,Nathan Eovaldi,TEX,Existing registry mapping
MATCHED,0000864,12723,Jose A. Ferrer,SEA,SeHnQCbF,Jose Ferrer,SEA,Existing registry mapping
MATCHED,0000865,12751,George Soriano,STL,N6bjK2Yu,George Soriano,STL,Existing registry mapping
MATCHED,0000866,12718,Hogan Harris,ATH,1SCE_yxk,Hogan Harris,ATH,Existing registry mapping
MATCHED,0000867,9402,Caleb Thielbar,CHC,kR5FyESL,Caleb Thielbar,CHC,Existing registry mapping
MATCHED,0000868,11653,Gabe Speier,SEA,SkajK4fW,Gabe Speier,SEA,Existing registry mapping
MATCHED,0000870,10934,Shane Baz,BAL,KYnR278i,Shane Baz,BAL,Existing registry mapping
MATCHED,0000871,65383,Jose Cabrera,AZ,1TS4Fh95,Jose Cabrera,AZ,Existing registry mapping
MATCHED,0000872,10565,Mitch Keller,PIT,GyUUuL0L,Mitch Keller,PIT,Existing registry mapping
MATCHED,0000874,60207,Mason Barnett,ATH,UCus3BIQ,Mason Barnett,ATH,Existing registry mapping
MATCHED,0000945,63607,Henry Lalane,NYY,ZIjT5Zni,Henry Lalane,NYY,Existing registry mapping
MATCHED,0000875,66381,Wilber Dotel,PIT,ujx5yoom,Wilber Dotel,PIT,Existing registry mapping
MATCHED,0000863,12519,Mike Burrows,HOU,AEK0Rzrx,Mike Burrows,HOU,Existing registry mapping
MATCHED,0000873,60267,Connor Prielipp,MIN,TsRczAFp,Connor Prielipp,MIN,Existing registry mapping
MATCHED,0000876,11482,Edwin Uceta,TB,lQL34kyc,Edwin Uceta,TB,Existing registry mapping
MATCHED,0000877,10185,Joe Musgrove,SD,2RL6szu-,Joe Musgrove,SD,Existing registry mapping
MATCHED,0000878,12346,Felix Bautista,BAL,lLgLNWXM,Félix Bautista,BAL,Existing registry mapping
MATCHED,0000879,66417,Kendry Chourio,KC,dpwpx1rI,Kendry Chourio,KC,Existing registry mapping
MATCHED,0000880,12419,Tanner McDougal,CWS,uTfF6Bu8,Tanner McDougal,CWS,Existing registry mapping
MATCHED,0000881,65844,Anthony Eyanson,BOS,ehDIjyjG,Anthony Eyanson,BOS,Existing registry mapping
MATCHED,0000882,65803,Miguel Sime Jr.,WSH,xRf2DuNv,Miguel Sime,WSH,Existing registry mapping
MATCHED,0000883,11836,Ivan Herrera,STL,A6x8eveL,Iván Herrera,STL,Existing registry mapping
MATCHED,0000884,10235,Rafael Devers,SF,ATrUlpOM,Rafael Devers,SF,Existing registry mapping
MATCHED,0000892,11375,Xavier Edwards,MIA,9Qa2drHQ,Xavier Edwards,MIA,Existing registry mapping
MATCHED,0000893,60129,Sal Stewart,CIN,U-ElfRQq,Sal Stewart,CIN,Existing registry mapping
MATCHED,0000887,64317,JJ Wetherholt,STL,S8102oJb,JJ Wetherholt,STL,Existing registry mapping
MATCHED,0000895,10557,Mickey Moniak,COL,REbxBRdX,Mickey Moniak,COL,Existing registry mapping
MATCHED,0000894,10577,Bryan Reynolds,PIT,Xt6hq-30,Bryan Reynolds,PIT,Existing registry mapping
MATCHED,0000889,11238,Lane Thomas,KC,q4bBaUTS,Lane Thomas,KC,Existing registry mapping
MATCHED,0000886,10881,Isaac Paredes,HOU,DfZ0U2RB,Isaac Paredes,HOU,Existing registry mapping
MATCHED,0000891,12309,Jonathan Aranda,TB,4dtPBfxF,Jonathan Aranda,TB,Existing registry mapping
MATCHED,0000888,10366,Teoscar Hernandez,LAD,uT6uI2os,Teoscar Hernández,LAD,Existing registry mapping
MATCHED,0000890,12369,Colton Cowser,BAL,Q6oLBjHr,Colton Cowser,BAL,Existing registry mapping
MATCHED,0000885,10919,Andres Gimenez,TOR,rtJdZGaZ,Andrés Giménez,TOR,Existing registry mapping
MATCHED,0000902,60256,Luis Lara,MIL,82mzy1mD,Luis Lara,MIL,Existing registry mapping
MATCHED,0000900,60091,Dylan Beavers,BAL,VAjoryRj,Dylan Beavers,BAL,Existing registry mapping
MATCHED,0000899,9517,Marcus Semien,NYM,5SHQXgI1,Marcus Semien,NYM,Existing registry mapping
MATCHED,0000896,62979,Kyle Teel,CWS,aC_MjD0N,Kyle Teel,CWS,Existing registry mapping
MATCHED,0000898,65528,Juneiker Caceres,CLE,89d2WRPC,Juneiker Caceres,CLE,Existing registry mapping
MATCHED,0000903,64172,Josue Briceno,DET,l4Zai7Tw,Josue Briceno,DET,Existing registry mapping
MATCHED,0000904,64991,Edward Florentino,PIT,enmYg1Lf,Edward Florentino,PIT,Existing registry mapping
MATCHED,0000905,64898,Luis Pena,MIL,lYIJjMiL,Luis Pena,MIL,Existing registry mapping
MATCHED,0000908,10597,Sandy Alcantara,MIA,6gKk6mIf,Sandy Alcantara,MIA,Existing registry mapping
MATCHED,0000909,60116,Shane Drohan,MIL,jVfQS2ZX,Shane Drohan,MIL,Existing registry mapping
MATCHED,0000910,9121,Gerrit Cole,NYY,XGhjc3o9,Gerrit Cole,NYY,Existing registry mapping
MATCHED,0000821,10011,Matthew Boyd,CHC,fheTzm0D,Matthew Boyd,CHC,Existing registry mapping
MATCHED,0000912,10229,Erick Fedde,CWS,jSRfA2l4,Erick Fedde,CWS,Existing registry mapping
MATCHED,0000913,12275,Dylan Lee,ATL,FgDPtbFk,Dylan Lee,ATL,Existing registry mapping
MATCHED,0000914,10574,Adrian Morejon,SD,Th5qlwAy,Adrian Morejon,SD,Existing registry mapping
MATCHED,0000915,11195,Jacob Webb,CHC,Yn0TQjEe,Jacob Webb,CHC,Existing registry mapping
MATCHED,0000916,11704,Garrett Cleavinger,TB,ZsLOIbBN,Garrett Cleavinger,TB,Existing registry mapping
NO_MATCH,,11203,Jimmy Herget,COL,,,,No HKB player found
MATCHED,0000920,12096,Bailey Ober,MIN,S3JYpd8i,Bailey Ober,MIN,Existing registry mapping
MATCHED,0000911,10898,Dustin May,STL,vu2mg4IT,Dustin May,STL,Existing registry mapping
MATCHED,0000919,11277,Grayson Rodriguez,LAA,u8aFiM-C,Grayson Rodriguez,LAA,Existing registry mapping
MATCHED,0000940,61375,Ryan Zeferjahn,LAA,357GkSjZ,Ryan Zeferjahn,LAA,Existing registry mapping
NO_MATCH,,62678,PJ Poulin,WSH,,,,No HKB player found
MATCHED,0000918,9672,Blake Treinen,LAD,7sMPGWyz,Blake Treinen,LAD,Existing registry mapping
MATCHED,0000921,10148,Blake Snell,LAD,_7w4tBi_,Blake Snell,LAD,Existing registry mapping
MATCHED,0000922,60118,Cade Horton,CHC,-kofwsTY,Cade Horton,CHC,Existing registry mapping
NO_MATCH,,64442,Jackson Kent,WSH,,,,No HKB player found
MATCHED,0000917,60592,Andrew Painter,PHI,emDRLrCd,Andrew Painter,PHI,Existing registry mapping
MATCHED,0000923,63802,Christian Zazueta Jr.,LAD,REs0PnDW,Christian Zazueta,LAD,Existing registry mapping
MATCHED,0000924,64338,Jonathan Santucci,NYM,FYJT2Uv8,Jonathan Santucci,NYM,Existing registry mapping
MATCHED,0000925,60114,Luis Perales,WSH,iUSZn0U3,Luis Perales,WSH,Existing registry mapping
